Column,Missing_Count,Missing_Pct
Contact No,15937,100
Registered Outlet,15937,100
End,15937,100
AddressLine1,15731,98.71
Name,9568,60.04
DOB,9568,60.04
SubMenu,9380,58.86
CustomerLoyaltyNumber,8274,51.92
Outlet,0,0
OrderNo,0,0
OrderDate,0,0
OrderTime,0,0
ItemName,0,0
Qty1,0,0
AdjustedRate,0,0
Discount,0,0
ServiceCharge,0,0
OrderType,0,0
PaymentMethod,0,0
CustomerType,0,0
OutletType,0,0
TimeRange,0,0
Day,0,0
Month,0,0
TimeOfTheDay,0,0
MainCategory,0,0
SubCategory,0,0
CoffeeOrNonCoffee,0,0
Age,0,0
