Variable,Category,Frequency,Percentage
MainCategory,Beverage,15886,53.91
MainCategory,Deals,1355,4.6
MainCategory,Food,10980,37.26
MainCategory,Merchandizing,1244,4.22
CustomerType,Foreign,4524,15.35
CustomerType,Local,24941,84.65
PaymentMethod,AMEX,1175,3.99
PaymentMethod,CASH,6847,23.24
PaymentMethod,MASTER,4492,15.25
PaymentMethod,MINTPAY,763,2.59
PaymentMethod,PICK ME,1056,3.58
PaymentMethod,UBER EATS,2440,8.28
PaymentMethod,VISA,12692,43.07
OrderType,Dine-In,17365,58.93
OrderType,Takeaway,12100,41.07
TimeOfTheDay,Afternoon,8745,29.68
TimeOfTheDay,Evening,7413,25.16
TimeOfTheDay,Morning,10411,35.33
TimeOfTheDay,Night,2896,9.83
Day,Friday,4654,15.8
Day,Monday,3786,12.85
Day,Saturday,4948,16.79
Day,Sunday,5049,17.14
Day,Thursday,3676,12.48
Day,Tuesday,3832,13.01
Day,Wednesday,3520,11.95
Month,February,9167,31.11
Month,January,10614,36.02
Month,March,9684,32.87
IsLoyaltyMember,No,18480,62.72
IsLoyaltyMember,Yes,10985,37.28
