Date,Day,Point_Forecast,Lo_80,Hi_80,Lo_95,Hi_95
2026-04-01,Wednesday,188.7,152.3,225.1,133,244.4
2026-04-02,Thursday,181.8,145.5,218.2,126.2,237.4
2026-04-03,Friday,232.8,196.5,269.2,177.2,288.4
2026-04-04,Saturday,242.9,206.5,279.2,187.3,298.5
2026-04-05,Sunday,253.2,216.9,289.6,197.7,308.8
2026-04-06,Monday,185.6,149.3,222,130,241.2
2026-04-07,Tuesday,188.2,151.9,224.6,132.7,243.8
2026-04-08,Wednesday,186.3,149.7,222.8,130.4,242.2
2026-04-09,Thursday,179.4,142.9,215.9,123.6,235.2
2026-04-10,Friday,230.4,194,266.9,174.7,286.2
2026-04-11,Saturday,240.5,204,276.9,184.7,296.2
2026-04-12,Sunday,250.8,214.4,287.3,195.1,306.6
2026-04-13,Monday,183.2,146.7,219.7,127.4,239
2026-04-14,Tuesday,185.8,149.4,222.3,130.1,241.6
2026-04-15,Wednesday,183.9,147.2,220.5,127.8,239.9
2026-04-16,Thursday,177,140.4,213.6,121.1,232.9
2026-04-17,Friday,228,191.4,264.6,172.1,283.9
2026-04-18,Saturday,238.1,201.5,274.6,182.1,294
2026-04-19,Sunday,248.4,211.9,285,192.5,304.4
2026-04-20,Monday,180.8,144.2,217.4,124.9,236.7
2026-04-21,Tuesday,183.4,146.9,220,127.5,239.4
2026-04-22,Wednesday,181.5,144.7,218.2,125.2,237.7
2026-04-23,Thursday,174.6,137.9,211.3,118.5,230.7
2026-04-24,Friday,225.6,188.9,262.3,169.5,281.7
2026-04-25,Saturday,235.7,199,272.3,179.6,291.8
2026-04-26,Sunday,246,209.3,282.7,189.9,302.1
2026-04-27,Monday,178.4,141.7,215.1,122.3,234.5
2026-04-28,Tuesday,181,144.3,217.7,124.9,237.1
2026-04-29,Wednesday,179.1,142.2,215.9,122.7,235.4
2026-04-30,Thursday,172.2,135.4,209,115.9,228.5
