"ItemName","MainCategory","SubCategory"
"Affogato","Food","RICE"
"Americano","Food","PASTA"
"Caramel Frappe","Beverage","HOT BEVERAGES"
"Cold Brew","Food","CROISSANTS"
"Cortado","Food","LASAGNA"
"Espresso","Beverage","HOT BEVERAGES"
"Flat White","Food","CROISSANTS"
"Iced Mocha","Merchandizing","FIZZY DRINKS"
"Irish Coffee","Food","Christmas Dessert"
"Macchiato","Beverage","Hot Beverage Coffee Base"
"Mocha","Food","RICE"
"Nice Coffee","Beverage","Hot Beverage Coffee Base"
"Nitro Brew","Deals","Combo"
"tasty drink","Food","Mini Cakes"
"Vanilla Cold Brew","Beverage","PICCOLO"
