"customer","age_group","average_basket"
"910553491","45-59",1.48101265822785
"910582186","45-59",1.46987951807229
"910887495","45-59",1.52702702702703
"911097552","18-29",1.6046511627907
"911129926","18-29",1.44761904761905
"911297845","18-29",1.34210526315789
"911362459","45-59",1.48837209302326
"911437525","30-44",1.27868852459016
"911646234","45-59",1.38636363636364
"911649277","30-44",1.30357142857143
"911699863","60+",1.45679012345679
"911898961","60+",1.43333333333333
"912232974","30-44",1.52054794520548
"912267067","30-44",1.35227272727273
"912515446","45-59",1.51020408163265
"912799319","30-44",1.5049504950495
"912921981","30-44",1.45652173913043
"912941099","18-29",1.61728395061728
"912941149","45-59",1.50925925925926
"912970357","18-29",1.4622641509434
"913600310","60+",1.40816326530612
"913852048","45-59",1.46086956521739
"913957046","30-44",1.38356164383562
"914102122","30-44",1.33333333333333
"914164775","30-44",1.40229885057471
"914380847","30-44",1.37837837837838
"914438720","45-59",1.52380952380952
"914484588","30-44",1.32432432432432
"914661179","45-59",1.47727272727273
"914718421","60+",1.34782608695652
"914740436","45-59",1.36585365853659
"914915156","60+",1.31325301204819
"914934536","60+",1.40789473684211
"915197528","45-59",1.4047619047619
"915288944","45-59",1.49180327868852
"915402922","18-29",1.47368421052632
"915885670","30-44",1.36893203883495
"916437132","60+",1.41428571428571
"916749089","30-44",1.46666666666667
"916904975","30-44",1.45360824742268
"917221208","18-29",1.31428571428571
"917532195","30-44",1.49253731343284
"917966873","45-59",1.42553191489362
"918087373","18-29",1.32142857142857
"918484847","45-59",1.28301886792453
"918526544","30-44",1.48101265822785
"918572753","30-44",1.40425531914894
"918762675","60+",1.46938775510204
"918770247","30-44",1.41111111111111
"918787479","30-44",1.31428571428571
"918994192","18-29",1.42241379310345
"919015987","30-44",1.32203389830508
"919679848","60+",1.36521739130435
"919715480","45-59",1.52
"919742790","30-44",1.40740740740741
"919768947","30-44",1.5
"919939096","45-59",1.45454545454545
"919976458","60+",1.33333333333333
"920066654","45-59",1.45348837209302
"920526386","45-59",1.46666666666667
"920576383","45-59",1.41379310344828
"920607151","30-44",1.43076923076923
"920896797","18-29",1.47142857142857
"920949687","30-44",1.40322580645161
"920993268","45-59",1.42372881355932
"921003626","30-44",1.41525423728814
"921257528","60+",1.475
"921318464","45-59",1.41379310344828
"921571285","45-59",1.44615384615385
"921761279","30-44",1.34042553191489
"921989814","60+",1.33333333333333
"922130508","45-59",1.58181818181818
"922448136","30-44",1.42105263157895
"922799248","45-59",1.41935483870968
"922825003","18-29",1.43103448275862
"922976369","30-44",1.43617021276596
"923041121","45-59",1.33009708737864
"923234972","60+",1.24657534246575
"923560308","30-44",1.45454545454545
"923574883","45-59",1.37096774193548
"923746101","60+",1.4390243902439
"923903144","18-29",1.4622641509434
"924290224","18-29",1.33962264150943
"924319594","18-29",1.36458333333333
"924500158","60+",1.39130434782609
"924665841","30-44",1.46153846153846
"924811778","45-59",1.47368421052632
"925216804","30-44",1.53846153846154
"925285764","45-59",1.57142857142857
"925328557","30-44",1.34210526315789
"925405014","45-59",1.35802469135802
"925480907","30-44",1.35
"925585427","18-29",1.32911392405063
"925759274","45-59",1.14285714285714
"925805613","30-44",1.42222222222222
"925882013","60+",1.65116279069767
"926357665","45-59",1.48571428571429
"926395999","60+",1.41414141414141
"926664623","45-59",1.54761904761905
"926726926","60+",1.45679012345679
"926944487","45-59",1.45
"927105448","18-29",1.45762711864407
"927231111","18-29",1.49090909090909
"927286109","18-29",1.43181818181818
"927339011","30-44",1.6
"927463800","45-59",1.48076923076923
"927536261","45-59",1.33050847457627
"927551135","60+",1.37037037037037
"927809465","30-44",1.45
"928531242","60+",1.39393939393939
"928533117","45-59",1.41463414634146
"928652010","45-59",1.32203389830508
"928908276","18-29",1.5
"929015320","30-44",1.33802816901408
"929042093","60+",1.32258064516129
"929163535","45-59",1.32142857142857
"929413516","30-44",1.43157894736842
"929419691","18-29",1.44827586206897
"929441214","18-29",1.58823529411765
"929587040","18-29",1.52238805970149
"929607576","18-29",1.54545454545455
"929711900","18-29",1.33333333333333
"930073763","45-59",1.52380952380952
"930270856","18-29",1.48484848484848
"930486849","60+",1.38888888888889
"930534124","45-59",1.45882352941176
"930552371","30-44",1.43137254901961
"930665654","45-59",1.45299145299145
"930688754","60+",1.46875
"930739712","30-44",1.42307692307692
"930854365","45-59",1.53703703703704
"931113788","30-44",1.30232558139535
"931198492","30-44",1.34285714285714
"931204188","45-59",1.39393939393939
"931257157","30-44",1.45454545454545
"931386576","45-59",1.525
"931393688","18-29",1.53913043478261
"931913660","60+",1.4
"931923376","18-29",1.34453781512605
"932457056","18-29",1.52083333333333
"932462726","60+",1.41
"932579937","60+",1.47524752475248
"932747608","60+",1.44444444444444
"932775593","60+",1.39285714285714
"933315234","18-29",1.47126436781609
"933414716","45-59",1.43220338983051
"933851602","60+",1.4375
"933978249","45-59",1.46969696969697
"934060788","18-29",1.53333333333333
"934073380","60+",1.35514018691589
"934679818","60+",1.33684210526316
"934695085","30-44",1.42622950819672
"934931439","45-59",1.36792452830189
"935264294","60+",1.36842105263158
"935504548","60+",1.35294117647059
"935848226","30-44",1.22950819672131
"936040410","30-44",1.55072463768116
"936111227","45-59",1.44554455445545
"936229153","60+",1.41269841269841
"936661903","45-59",1.39285714285714
"936726767","18-29",1.44067796610169
"936798789","30-44",1.34090909090909
"936802975","60+",1.47
"936933626","30-44",1.26
"937437207","30-44",1.41176470588235
"937752746","45-59",1.36283185840708
"938119557","60+",1.53012048192771
"938210242","45-59",1.52293577981651
"938439415","60+",1.41228070175439
"938829445","30-44",1.52631578947368
"938876195","45-59",1.49382716049383
"939070676","45-59",1.30252100840336
"939254705","45-59",1.52136752136752
"939396392","18-29",1.5050505050505
"939450273","30-44",1.37313432835821
"939698906","60+",1.46610169491525
"939709238","45-59",1.55263157894737
"939796480","45-59",1.4
"940595926","18-29",1.43055555555556
"940630893","30-44",1.41428571428571
"940667888","30-44",1.58441558441558
"941025808","45-59",1.44166666666667
"941207351","18-29",1.36046511627907
"941250794","18-29",1.38053097345133
"941426254","45-59",1.3
"941802361","30-44",1.4367816091954
"941880763","45-59",1.38571428571429
"942062038","60+",1.40909090909091
"942122457","45-59",1.36752136752137
"942123815","45-59",1.40196078431373
"943041067","60+",1.28767123287671
"943183955","45-59",1.48979591836735
"943311626","18-29",1.53703703703704
"943415162","30-44",1.43421052631579
"943629729","18-29",1.38983050847458
"943810519","45-59",1.30232558139535
"944130133","45-59",1.38571428571429
"944269370","60+",1.45652173913043
"944603983","18-29",1.49462365591398
"944715663","60+",1.45360824742268
"944716747","60+",1.2037037037037
"945002007","30-44",1.50617283950617
"945189912","30-44",1.475
"945551614","18-29",1.55128205128205
"945882178","45-59",1.34862385321101
"945935572","18-29",1.43137254901961
"946159360","45-59",1.32835820895522
"946173157","45-59",1.42342342342342
"946207439","18-29",1.49315068493151
"946456416","18-29",1.43137254901961
"946468984","30-44",1.41666666666667
"946778269","18-29",1.43298969072165
"946890134","30-44",1.49180327868852
"947108953","45-59",1.42105263157895
"947112255","30-44",1.51648351648352
"947135391","18-29",1.34615384615385
"947663633","60+",1.5
"947785387","30-44",1.5360824742268
"947969333","30-44",1.45744680851064
"948193218","45-59",1.43809523809524
"948199537","30-44",1.32558139534884
"948668339","30-44",1.53846153846154
"948840994","18-29",1.34146341463415
"949101812","60+",1.51111111111111
"949385195","30-44",1.49180327868852
"949609054","30-44",1.42696629213483
"949945150","60+",1.54901960784314
"950106013","30-44",1.33870967741935
"950168264","18-29",1.50862068965517
"950477742","60+",1.45744680851064
"950502136","18-29",1.45454545454545
"950546385","45-59",1.36046511627907
"950643870","60+",1.42553191489362
"950831043","60+",1.41176470588235
"950987410","18-29",1.40579710144928
"951970837","45-59",1.38297872340426
"952101056","45-59",1.42424242424242
"952168966","18-29",1.62608695652174
"952334540","45-59",1.45833333333333
"952752377","18-29",1.55555555555556
"952773159","18-29",1.40697674418605
"953191535","30-44",1.50877192982456
"953455870","18-29",1.46987951807229
"953507489","45-59",1.47368421052632
"953805532","18-29",1.35652173913043
"954099326","60+",1.40740740740741
"954250344","18-29",1.43157894736842
"954411953","30-44",1.45348837209302
"954468633","30-44",1.43137254901961
"954619335","45-59",1.35294117647059
"955890766","30-44",1.37179487179487
"956020613","30-44",1.51578947368421
"956344519","60+",1.47826086956522
"956496201","45-59",1.48275862068966
"957242616","45-59",1.36974789915966
"957276557","45-59",1.60810810810811
"957551594","60+",1.38823529411765
"957934299","18-29",1.3968253968254
"957986515","45-59",1.49056603773585
"958116670","45-59",1.34782608695652
"958178682","45-59",1.50515463917526
"958199211","45-59",1.41964285714286
"958258264","60+",1.46739130434783
"958667035","30-44",1.26666666666667
"959251188","30-44",1.45762711864407
"959491122","30-44",1.32307692307692
"959667685","30-44",1.55263157894737
"959805178","18-29",1.44761904761905
"959911470","18-29",1.45161290322581
"959988144","18-29",1.38095238095238
"959995026","45-59",1.36363636363636
"960529679","30-44",1.4368932038835
"960557040","45-59",1.36923076923077
"960562485","18-29",1.36507936507937
"960929647","30-44",1.37735849056604
"960981231","45-59",1.38888888888889
"961002735","60+",1.46666666666667
"961140376","60+",1.52830188679245
"961196706","30-44",1.5047619047619
"961335545","45-59",1.32352941176471
"961385847","45-59",1.41379310344828
"961407440","18-29",1.47115384615385
"961536717","45-59",1.3125
"961920550","45-59",1.34285714285714
"961956500","60+",1.48351648351648
"962227199","60+",1.57534246575342
"963035211","30-44",1.26086956521739
"963121477","18-29",1.37777777777778
"963283709","60+",1.51578947368421
"963401206","30-44",1.46739130434783
"963766628","30-44",1.51612903225806
"963992760","18-29",1.36206896551724
"964148754","30-44",1.46753246753247
"964395532","30-44",1.45652173913043
"964496076","45-59",1.45588235294118
"964561191","18-29",1.48913043478261
"964920799","45-59",1.41
"965133300","18-29",1.38271604938272
"965149958","18-29",1.34
"965388634","30-44",1.46153846153846
"965596350","30-44",1.4
"965625517","18-29",1.35
"965629268","18-29",1.34146341463415
"965682626","30-44",1.42391304347826
"965783806","45-59",1.42105263157895
"965910756","18-29",1.31531531531532
"966431351","60+",1.51063829787234
"966629388","18-29",1.47368421052632
"966797703","45-59",1.38775510204082
"966949781","60+",1.49137931034483
"966975380","18-29",1.4875
"967337891","45-59",1.54166666666667
"967631581","30-44",1.57692307692308
"967634397","30-44",1.33333333333333
"967702031","18-29",1.38888888888889
"967772049","60+",1.425
"967854710","30-44",1.48235294117647
"968011418","30-44",1.41964285714286
"968277389","18-29",1.49484536082474
"968812137","45-59",1.45098039215686
"969020451","30-44",1.43478260869565
"969195194","30-44",1.48958333333333
"969286198","30-44",1.38636363636364
"969401199","45-59",1.6
"969427400","30-44",1.35714285714286
"969686067","30-44",1.53191489361702
"969735865","18-29",1.47747747747748
"969849800","45-59",1.5
"969961498","45-59",1.34453781512605
"970291817","45-59",1.44444444444444
"970532325","45-59",1.45689655172414
"970549373","30-44",1.49411764705882
"970597444","18-29",1.60493827160494
"970768130","30-44",1.47272727272727
"971070189","30-44",1.38372093023256
"971231190","30-44",1.42727272727273
"971275585","30-44",1.42424242424242
"971411378","18-29",1.40909090909091
"971594457","45-59",1.39316239316239
"972014395","18-29",1.42553191489362
"972122457","45-59",1.421875
"972523073","60+",1.5
"972589932","60+",1.45652173913043
"972962895","45-59",1.46938775510204
"973100462","18-29",1.453125
"973561576","18-29",1.5531914893617
"973698420","30-44",1.44047619047619
"974245343","45-59",1.41176470588235
"974646194","45-59",1.47524752475248
"974672520","60+",1.48936170212766
"974709513","60+",1.32710280373832
"974894729","30-44",1.37037037037037
"975140950","60+",1.44186046511628
"975181648","45-59",1.30952380952381
"975228535","60+",1.41489361702128
"975504221","30-44",1.56603773584906
"975790669","30-44",1.40845070422535
"975876924","45-59",1.41304347826087
"975998319","18-29",1.50819672131148
"975998330","30-44",1.38461538461538
"976306502","18-29",1.57777777777778
"976669607","30-44",1.52830188679245
"977631755","30-44",1.45762711864407
"977853916","45-59",1.51807228915663
"977908907","45-59",1.42857142857143
"978020910","30-44",1.41071428571429
"978147397","30-44",1.57333333333333
"978159587","18-29",1.46052631578947
"978387461","45-59",1.44444444444444
"978444607","30-44",1.34065934065934
"978501420","45-59",1.43548387096774
"978654208","60+",1.51162790697674
"978915391","18-29",1.47727272727273
"978967357","18-29",1.43396226415094
"979226031","18-29",1.45555555555556
"979519112","45-59",1.4
"979782527","60+",1.41176470588235
"979977486","45-59",1.47572815533981
"980059652","30-44",1.45631067961165
"980134216","18-29",1.68292682926829
"980238316","60+",1.19642857142857
"980439867","60+",1.35593220338983
"980658723","45-59",1.40178571428571
"980823176","45-59",1.48979591836735
"981110496","30-44",1.47560975609756
"981203615","45-59",1.3448275862069
"981259135","30-44",1.52380952380952
"981729237","30-44",1.47663551401869
"981891508","30-44",1.42666666666667
"981893982","18-29",1.34375
"981947921","18-29",1.43119266055046
"982029307","18-29",1.36697247706422
"982070937","60+",1.4392523364486
"982109613","30-44",1.44791666666667
"982160068","30-44",1.44578313253012
"982374753","18-29",1.5
"982381952","18-29",1.4
"982769008","30-44",1.34883720930233
"982825679","45-59",1.45205479452055
"982890984","45-59",1.49152542372881
"983074216","45-59",1.38888888888889
"983286096","30-44",1.53488372093023
"983487621","18-29",1.3963963963964
"983525272","30-44",1.41964285714286
"983665549","45-59",1.3109243697479
"983715012","18-29",1.50515463917526
"983717007","45-59",1.30612244897959
"983863413","18-29",1.42222222222222
"983897088","45-59",1.46428571428571
"984102271","60+",1.51456310679612
"984252324","30-44",1.39393939393939
"984386123","18-29",1.4625
"984430642","18-29",1.3804347826087
"984660688","30-44",1.40350877192982
"984801233","30-44",1.41176470588235
"984825240","60+",1.45714285714286
"985099723","30-44",1.49333333333333
"985146293","30-44",1.31460674157303
"985427317","60+",1.34883720930233
"985633013","60+",1.31111111111111
"985764804","45-59",1.41176470588235
"985776373","30-44",1.44
"985906869","18-29",1.41666666666667
"986211608","18-29",1.42857142857143
"986397676","30-44",1.50515463917526
"986726461","45-59",1.45333333333333
"986863404","45-59",1.46067415730337
"986911446","45-59",1.46428571428571
"987058874","30-44",1.29333333333333
"987061479","60+",1.38181818181818
"987267850","30-44",1.47887323943662
"987669750","18-29",1.42727272727273
"987736262","60+",1.30769230769231
"988201440","60+",1.43617021276596
"988634827","60+",1.43
"988971743","45-59",1.41304347826087
"988990506","45-59",1.41791044776119
"988999206","60+",1.47887323943662
"989036966","30-44",1.45833333333333
"989133014","60+",1.31578947368421
"989134873","60+",1.2987012987013
"989193333","30-44",1.49450549450549
"989268452","18-29",1.38297872340426
"989520597","30-44",1.40983606557377
"989680504","18-29",1.40384615384615
"990022258","18-29",1.48739495798319
"990233330","60+",1.31914893617021
"990267122","18-29",1.20731707317073
"990535106","30-44",1.37234042553191
"990563579","45-59",1.47058823529412
"990852623","18-29",1.55238095238095
"991286864","60+",1.53521126760563
"991644298","18-29",1.52380952380952
"991804602","30-44",1.35849056603774
"992304487","60+",1.45744680851064
"992405066","45-59",1.39024390243902
"992423989","45-59",1.35087719298246
"992688322","60+",1.42592592592593
"992979370","45-59",1.39130434782609
"993240786","30-44",1.38356164383562
"993517915","45-59",1.40425531914894
"993890601","45-59",1.42222222222222
"994426338","60+",1.43396226415094
"994597104","45-59",1.34146341463415
"994644676","45-59",1.5625
"994705205","18-29",1.36144578313253
"995161010","18-29",1.53333333333333
"995235919","45-59",1.43636363636364
"995728324","30-44",1.4375
"995822412","18-29",1.32941176470588
"995828117","60+",1.3695652173913
"995963619","60+",1.45762711864407
"996094462","60+",1.41747572815534
"996274567","18-29",1.55172413793103
"996347724","18-29",1.49074074074074
"996355513","18-29",1.38202247191011
"996838849","45-59",1.42424242424242
"996854901","45-59",1.37974683544304
"996888739","18-29",1.55445544554455
"996965116","30-44",1.37209302325581
"997147586","18-29",1.44186046511628
"997453041","45-59",1.50485436893204
"997689346","18-29",1.47169811320755
"997883261","18-29",1.33333333333333
"997890153","30-44",1.4375
"998162850","30-44",1.37614678899083
"998195059","45-59",1.37837837837838
"998203489","30-44",1.42857142857143
"998292612","60+",1.28915662650602
"998413629","45-59",1.47368421052632
"998502178","18-29",1.50515463917526
"998506156","30-44",1.44444444444444
"998588154","30-44",1.45098039215686
"998610233","30-44",1.42391304347826
"998680762","18-29",1.43243243243243
"998813650","60+",1.29896907216495
"998930456","30-44",1.45
"999068509","18-29",1.40983606557377
"999586100","18-29",1.42372881355932
"999929175","45-59",1.44247787610619
