"customer","dine_in_mean","takeaway_mean","difference"
"910553491",1,1.4,-0.4
"910582186",1.37313432835821,1,0.373134328358209
"910887495",1,1.484375,-0.484375
"911097552",1.6,1,0.6
"911129926",1.16666666666667,1.44705882352941,-0.280392156862745
"911297845",1.30526315789474,1,0.305263157894737
"911362459",1,1.43055555555556,-0.430555555555556
"911437525",1.26923076923077,1,0.269230769230769
"911646234",1.34782608695652,1,0.347826086956522
"911649277",1.25,1.28,-0.03
"911699863",1,1.40579710144928,-0.405797101449275
"911898961",1.34653465346535,1,0.346534653465347
"912232974",1.52380952380952,1.16666666666667,0.357142857142857
"912267067",1.31081081081081,1.25,0.0608108108108107
"912515446",1.41558441558442,1.2,0.215584415584416
"912799319",1.46987951807229,1,0.469879518072289
"912921981",1.46153846153846,1,0.461538461538461
"912941099",1,1.60869565217391,-0.608695652173913
"912941149",1.46315789473684,1.33333333333333,0.129824561403509
"912970357",1,1.42696629213483,-0.426966292134831
"913600310",1.35526315789474,1,0.355263157894737
"913852048",1.42857142857143,1.38541666666667,0.0431547619047619
"913957046",1.39393939393939,1,0.393939393939394
"914102122",1.32,1,0.32
"914164775",1.39189189189189,1,0.391891891891892
"914380847",1.36764705882353,1,0.367647058823529
"914438720",1.48936170212766,1.2,0.28936170212766
"914484588",1.33333333333333,1,0.333333333333333
"914661179",1.51428571428571,1,0.514285714285714
"914718421",1,1.34,-0.34
"914740436",1,1.36111111111111,-0.361111111111111
"914915156",1,1.25757575757576,-0.257575757575758
"914934536",1,1.38805970149254,-0.388059701492537
"915197528",1.47222222222222,1,0.472222222222222
"915288944",1.49056603773585,1,0.490566037735849
"915402922",1,1.39583333333333,-0.395833333333333
"915885670",1.35632183908046,1,0.35632183908046
"916437132",1.2,1.4,-0.2
"916749089",1.4,1.46153846153846,-0.0615384615384615
"916904975",1.35064935064935,1.25,0.100649350649351
"917221208",1.25,1.27777777777778,-0.0277777777777777
"917532195",1.45762711864407,1.4,0.0576271186440678
"917966873",1,1.425,-0.425
"918087373",1,1.32876712328767,-0.328767123287671
"918484847",1,1.27906976744186,-0.279069767441861
"918526544",1.45161290322581,1.25,0.201612903225806
"918572753",1.375,1,0.375
"918762675",1.46590909090909,1,0.465909090909091
"918770247",1,1.40540540540541,-0.405405405405405
"918787479",1,1.24074074074074,-0.240740740740741
"918994192",1.08333333333333,1.43617021276596,-0.352836879432624
"919015987",1.3469387755102,1,0.346938775510204
"919679848",1.37755102040816,1,0.377551020408163
"919715480",1.5,1.47126436781609,0.0287356321839081
"919742790",1,1.34146341463415,-0.341463414634146
"919768947",1.39325842696629,1,0.393258426966292
"919939096",1.43243243243243,1,0.432432432432432
"919976458",1.28813559322034,1.16666666666667,0.121468926553672
"920066654",1.43835616438356,1,0.438356164383562
"920526386",1,1.44736842105263,-0.447368421052632
"920576383",1.38888888888889,1,0.388888888888889
"920949687",1.34,1.25,0.0900000000000001
"920993268",1.4040404040404,1,0.404040404040404
"921003626",1.38834951456311,1,0.388349514563107
"921257528",1.4375,1,0.4375
"921318464",1.125,1.40845070422535,-0.283450704225352
"921571285",1.38181818181818,1,0.381818181818182
"921761279",1,1.32558139534884,-0.325581395348837
"921989814",1.30769230769231,1,0.307692307692308
"922130508",1.59183673469388,1,0.591836734693878
"922448136",1.37254901960784,1.5,-0.127450980392157
"922799248",1,1.42307692307692,-0.423076923076923
"922825003",1.42857142857143,1,0.428571428571429
"922976369",1,1.38461538461538,-0.384615384615385
"923041121",1.29545454545455,1,0.295454545454545
"923234972",1.234375,1,0.234375
"923560308",1,1.37777777777778,-0.377777777777778
"923574883",1.39622641509434,1,0.39622641509434
"923746101",1.41666666666667,1,0.416666666666667
"923903144",1.42696629213483,1,0.426966292134831
"924290224",1,1.31818181818182,-0.318181818181818
"924319594",1,1.37931034482759,-0.379310344827586
"924500158",1,1.34666666666667,-0.346666666666667
"924665841",1.42696629213483,1.33333333333333,0.0936329588014981
"924811778",1.43548387096774,1,0.435483870967742
"925216804",1.125,1.46236559139785,-0.337365591397849
"925285764",1.55172413793103,1,0.551724137931034
"925328557",1.33333333333333,1,0.333333333333333
"925405014",1,1.36111111111111,-0.361111111111111
"925480907",1.11111111111111,1.30208333333333,-0.190972222222222
"925585427",1.11111111111111,1.23333333333333,-0.122222222222222
"925759274",1.33333333333333,1.11111111111111,0.222222222222222
"925805613",1.40963855421687,1,0.409638554216867
"925882013",1.55555555555556,1.5,0.0555555555555556
"926357665",1.42592592592593,1,0.425925925925926
"926395999",1.36470588235294,1,0.364705882352941
"926664623",1.5,1.52631578947368,-0.0263157894736843
"926726926",1.43661971830986,1,0.436619718309859
"926944487",1.41747572815534,1,0.41747572815534
"927105448",1.48979591836735,1,0.489795918367347
"927231111",1.41860465116279,1,0.418604651162791
"927286109",1,1.40506329113924,-0.40506329113924
"927339011",1.57575757575758,1.25,0.325757575757576
"927463800",1,1.46808510638298,-0.468085106382979
"927536261",1,1.29906542056075,-0.299065420560748
"927551135",1,1.3695652173913,-0.369565217391304
"927809465",1.33333333333333,1.43396226415094,-0.10062893081761
"928531242",1,1.33928571428571,-0.339285714285714
"928533117",1,1.42105263157895,-0.421052631578947
"928652010",1,1.3030303030303,-0.303030303030303
"928908276",1,1.47887323943662,-0.47887323943662
"929015320",1,1.34920634920635,-0.349206349206349
"929042093",1,1.28846153846154,-0.288461538461539
"929163535",1,1.28767123287671,-0.287671232876712
"929413516",1,1.43181818181818,-0.431818181818182
"929419691",1.36734693877551,1,0.36734693877551
"929441214",1.5609756097561,1,0.560975609756098
"929587040",1.52,1,0.52
"929607576",1.53061224489796,1,0.530612244897959
"929711900",1,1.32307692307692,-0.323076923076923
"930073763",1.51351351351351,1,0.513513513513514
"930270856",1.2,1.42682926829268,-0.226829268292683
"930486849",1.16666666666667,1.32608695652174,-0.159420289855072
"930534124",1,1.5,-0.5
"930552371",1,1.47619047619048,-0.476190476190476
"930665654",1,1.4040404040404,-0.404040404040404
"930688754",1.16666666666667,1.425,-0.258333333333333
"930739712",1.425,1,0.425
"930854365",1.53061224489796,1,0.530612244897959
"931113788",1.25352112676056,1.16666666666667,0.0868544600938967
"931198492",1.34426229508197,1,0.344262295081967
"931204188",1,1.32142857142857,-0.321428571428571
"931257157",1.44897959183673,1,0.448979591836735
"931386576",1,1.48484848484848,-0.484848484848485
"931393688",1.52083333333333,1,0.520833333333333
"931913660",1.38095238095238,1,0.380952380952381
"931923376",1,1.33644859813084,-0.336448598130841
"932457056",1,1.45945945945946,-0.459459459459459
"932462726",1,1.34567901234568,-0.345679012345679
"932579937",1.43529411764706,1,0.435294117647059
"932747608",1,1.43243243243243,-0.432432432432432
"932775593",1.33333333333333,1.35714285714286,-0.0238095238095239
"933315234",1.41558441558442,1,0.415584415584416
"933414716",1.45,1,0.45
"933851602",1.41975308641975,1.14285714285714,0.27689594356261
"933978249",1.49152542372881,1,0.491525423728814
"934060788",1.53846153846154,1,0.538461538461539
"934073380",1,1.33695652173913,-0.33695652173913
"934679818",1.30588235294118,1,0.305882352941176
"934695085",1.40384615384615,1.25,0.153846153846154
"934931439",1,1.32584269662921,-0.325842696629213
"935264294",1.3125,1.14285714285714,0.169642857142857
"935504548",1.36559139784946,1,0.365591397849462
"935848226",1,1.2156862745098,-0.215686274509804
"936040410",1,1.53225806451613,-0.532258064516129
"936111227",1.39506172839506,1.14285714285714,0.252204585537919
"936229153",1.42105263157895,1,0.421052631578947
"936661903",1,1.36559139784946,-0.365591397849462
"936726767",1.36,1,0.36
"936798789",1,1.27777777777778,-0.277777777777778
"936802975",1.41666666666667,1.11111111111111,0.305555555555556
"936933626",1,1.26086956521739,-0.260869565217391
"937437207",1,1.4,-0.4
"937752746",1.30526315789474,1,0.305263157894737
"938119557",1.52,1,0.52
"938210242",1.2,1.47916666666667,-0.279166666666667
"938439415",1.125,1.34782608695652,-0.222826086956522
"939070676",1.2843137254902,1,0.284313725490196
"939254705",1,1.48453608247423,-0.484536082474227
"939396392",1.45454545454545,1,0.454545454545455
"939450273",1,1.3,-0.3
"939698906",1.1,1.42553191489362,-0.325531914893617
"939709238",1,1.53125,-0.53125
"939796480",1,1.40740740740741,-0.407407407407407
"940595926",1.45161290322581,1,0.451612903225806
"940630893",1,1.38888888888889,-0.388888888888889
"940667888",1,1.51470588235294,-0.514705882352941
"941025808",1,1.42718446601942,-0.427184466019418
"941207351",1.34782608695652,1,0.347826086956522
"941250794",1.34343434343434,1,0.343434343434343
"941426254",1.25,1,0.25
"941802361",1.36986301369863,1,0.36986301369863
"941880763",1,1.375,-0.375
"942062038",1.38961038961039,1,0.38961038961039
"942122457",1,1.36633663366337,-0.366336633663366
"942123815",1,1.35365853658537,-0.353658536585366
"943041067",1,1.25423728813559,-0.254237288135593
"943183955",1,1.45238095238095,-0.452380952380952
"943415162",1.31147540983607,1.2,0.111475409836066
"943629729",1.375,1,0.375
"943810519",1,1.28947368421053,-0.289473684210526
"944130133",1,1.390625,-0.390625
"944603983",1.14285714285714,1.46052631578947,-0.317669172932331
"944715663",1,1.41666666666667,-0.416666666666667
"944716747",1.14285714285714,2,-0.857142857142857
"945002007",1,1.47540983606557,-0.475409836065574
"945189912",1,1.51428571428571,-0.514285714285714
"945551614",1.53623188405797,1.2,0.336231884057971
"945882178",1.34408602150538,1,0.344086021505376
"945935572",1,1.40909090909091,-0.409090909090909
"946159360",1,1.2962962962963,-0.296296296296296
"946173157",1,1.44329896907216,-0.443298969072165
"946207439",1.45901639344262,1,0.459016393442623
"946456416",1.46341463414634,1,0.463414634146341
"946468984",1.45652173913043,1,0.456521739130435
"946778269",1,1.44186046511628,-0.441860465116279
"946890134",1.45283018867925,1.5,-0.0471698113207548
"947108953",1.38775510204082,1,0.387755102040816
"947112255",1.48,1,0.48
"947135391",1,1.35714285714286,-0.357142857142857
"947663633",1,1.48076923076923,-0.480769230769231
"947785387",1.50632911392405,1.25,0.256329113924051
"947969333",1,1.45679012345679,-0.45679012345679
"948193218",1.37931034482759,1,0.379310344827586
"948668339",1,1.53846153846154,-0.538461538461539
"948840994",1,1.28947368421053,-0.289473684210526
"949101812",1,1.45070422535211,-0.450704225352113
"949385195",1,1.42307692307692,-0.423076923076923
"949609054",1.4025974025974,1.25,0.152597402597403
"950106013",1,1.30188679245283,-0.30188679245283
"950168264",1.47524752475248,1,0.475247524752475
"950477742",1,1.42857142857143,-0.428571428571429
"950502136",1.39583333333333,1,0.395833333333333
"950546385",1.33333333333333,1,0.333333333333333
"950643870",1.39285714285714,1,0.392857142857143
"950831043",1,1.37209302325581,-0.372093023255814
"950987410",1,1.38461538461538,-0.384615384615385
"951970837",1.2972972972973,1,0.297297297297297
"952101056",1,1.35714285714286,-0.357142857142857
"952168966",1,1.60416666666667,-0.604166666666667
"952334540",1.43373493975904,1.2,0.233734939759036
"952752377",1,1.45454545454545,-0.454545454545455
"952773159",1.35616438356164,1,0.356164383561644
"953191535",1.52083333333333,1,0.520833333333333
"953455870",1,1.43243243243243,-0.432432432432432
"953507489",1.40909090909091,1,0.409090909090909
"953805532",1,1.36274509803922,-0.362745098039216
"954099326",1,1.39705882352941,-0.397058823529412
"954250344",1.33766233766234,1.375,-0.0373376623376624
"954411953",1,1.41891891891892,-0.418918918918919
"954468633",1.3695652173913,1,0.369565217391304
"954619335",1,1.3265306122449,-0.326530612244898
"955890766",1.36363636363636,1.14285714285714,0.220779220779221
"956020613",1,1.51162790697674,-0.511627906976744
"956344519",1.47368421052632,1.16666666666667,0.307017543859649
"956496201",1.3956043956044,1,0.395604395604396
"957242616",1.32989690721649,1,0.329896907216495
"957276557",1.62295081967213,1,0.622950819672131
"957551594",1,1.35616438356164,-0.356164383561644
"957934299",1,1.36206896551724,-0.362068965517241
"957986515",1,1.48888888888889,-0.488888888888889
"958116670",1.31034482758621,1,0.310344827586207
"958178682",1.47435897435897,1,0.474358974358974
"958199211",1.18181818181818,1.41489361702128,-0.233075435203095
"958258264",1.2,1.37974683544304,-0.179746835443038
"958667035",1.27777777777778,1,0.277777777777778
"959251188",1,1.38775510204082,-0.387755102040816
"959491122",1.29310344827586,1.25,0.0431034482758621
"959667685",1.54736842105263,1.125,0.422368421052632
"959805178",1.36781609195402,1.25,0.117816091954023
"959911470",1,1.45098039215686,-0.450980392156863
"959988144",1.30588235294118,1,0.305882352941176
"959995026",1.34920634920635,1,0.349206349206349
"960529679",1.40217391304348,1,0.402173913043478
"960557040",1,1.35087719298246,-0.350877192982456
"960562485",1,1.32142857142857,-0.321428571428571
"960929647",1.14285714285714,1.38095238095238,-0.238095238095238
"960981231",1,1.25806451612903,-0.258064516129032
"961002735",1,1.44117647058824,-0.441176470588235
"961140376",1.46067415730337,1,0.460674157303371
"961196706",1.47826086956522,1.2,0.278260869565217
"961335545",1.33333333333333,1,0.333333333333333
"961385847",1.42465753424658,1,0.424657534246575
"961407440",1.43333333333333,1.25,0.183333333333333
"961536717",1.23636363636364,1.33333333333333,-0.0969696969696969
"961920550",1.3728813559322,1,0.372881355932203
"961956500",1.2,1.40789473684211,-0.207894736842105
"962227199",1,1.54098360655738,-0.540983606557377
"963035211",1,1.24691358024691,-0.246913580246914
"963121477",1.36842105263158,1,0.368421052631579
"963283709",1.44736842105263,1.16666666666667,0.280701754385965
"963401206",1,1.48648648648649,-0.486486486486486
"963766628",1.48148148148148,1.66666666666667,-0.185185185185185
"963992760",1.38181818181818,1,0.381818181818182
"964148754",1.43478260869565,1,0.434782608695652
"964395532",1.2,1.34285714285714,-0.142857142857143
"964496076",1.42622950819672,1,0.426229508196721
"964561191",1.45454545454545,1,0.454545454545455
"964920799",1.37349397590361,1,0.373493975903614
"965133300",1,1.33823529411765,-0.338235294117647
"965388634",1,1.47191011235955,-0.471910112359551
"965596350",1,1.41935483870968,-0.419354838709677
"965625517",1.08333333333333,1.3469387755102,-0.263605442176871
"965629268",1.33823529411765,1,0.338235294117647
"965682626",1.37349397590361,1,0.373493975903614
"965783806",1,1.34722222222222,-0.347222222222222
"965910756",1.34653465346535,1,0.346534653465347
"966431351",1,1.45238095238095,-0.452380952380952
"966629388",1,1.41304347826087,-0.41304347826087
"966797703",1,1.36904761904762,-0.369047619047619
"966949781",1.25,1.43157894736842,-0.181578947368421
"966975380",1,1.4375,-0.4375
"967337891",1.4,1.52830188679245,-0.128301886792453
"967631581",1,1.55555555555556,-0.555555555555556
"967634397",1.26470588235294,1.2,0.0647058823529412
"967702031",1.38461538461538,1,0.384615384615385
"967772049",1,1.40540540540541,-0.405405405405405
"967854710",1,1.48,-0.48
"968011418",1,1.38461538461538,-0.384615384615385
"968277389",1,1.49367088607595,-0.493670886075949
"968812137",1,1.4,-0.4
"969020451",1.46511627906977,1,0.465116279069767
"969195194",1.45977011494253,1,0.459770114942529
"969286198",1.35526315789474,1.14285714285714,0.212406015037594
"969401199",1,1.59322033898305,-0.593220338983051
"969427400",1,1.36,-0.36
"969686067",1,1.48192771084337,-0.481927710843373
"969735865",1.38709677419355,1,0.387096774193548
"969849800",1,1.47368421052632,-0.473684210526316
"969961498",1.31428571428571,1,0.314285714285714
"970291817",1,1.425,-0.425
"970532325",1,1.44339622641509,-0.443396226415094
"970549373",1.44444444444444,1,0.444444444444444
"970597444",1.56923076923077,1.125,0.444230769230769
"970768130",1,1.5,-0.5
"971070189",1.36986301369863,1,0.36986301369863
"971231190",1,1.36082474226804,-0.360824742268041
"971275585",1.4,1.14285714285714,0.257142857142857
"971411378",1.3448275862069,1,0.344827586206897
"971594457",1.37113402061856,1.11111111111111,0.260022909507446
"972014395",1,1.41025641025641,-0.41025641025641
"972122457",1.39583333333333,1,0.395833333333333
"972523073",1.43243243243243,1,0.432432432432432
"972589932",1.5,1.36708860759494,0.132911392405063
"972962895",1,1.475,-0.475
"973100462",1.39285714285714,1.25,0.142857142857143
"973561576",1.51219512195122,1,0.51219512195122
"973698420",1.38888888888889,1,0.388888888888889
"974245343",1.40697674418605,1,0.406976744186047
"974646194",1.45348837209302,1,0.453488372093023
"974672520",1.16666666666667,1.45679012345679,-0.290123456790123
"974709513",1,1.2967032967033,-0.296703296703297
"974894729",1.31428571428571,1,0.314285714285714
"975140950",1.41176470588235,1,0.411764705882353
"975181648",1,1.30555555555556,-0.305555555555556
"975228535",1.36708860759494,1,0.367088607594937
"975504221",1.55102040816327,1,0.551020408163265
"975790669",1.40625,1,0.40625
"975876924",1,1.37037037037037,-0.37037037037037
"975998319",1,1.55357142857143,-0.553571428571429
"975998330",1,1.3448275862069,-0.344827586206897
"976306502",1,1.56410256410256,-0.564102564102564
"976669607",1.4,1,0.4
"977631755",1,1.36170212765957,-0.361702127659574
"977853916",1.1,1.53225806451613,-0.432258064516129
"977908907",1.33333333333333,1.41176470588235,-0.0784313725490198
"978020910",1.35555555555556,1,0.355555555555556
"978147397",1,1.53846153846154,-0.538461538461539
"978159587",1.43859649122807,1,0.43859649122807
"978387461",1,1.38775510204082,-0.387755102040816
"978444607",1.27631578947368,1.16666666666667,0.109649122807018
"978501420",1,1.41666666666667,-0.416666666666667
"978654208",1.41666666666667,1,0.416666666666667
"978915391",1.46341463414634,1,0.463414634146341
"978967357",1.39473684210526,1.2,0.194736842105263
"979226031",1.44871794871795,1,0.448717948717949
"979519112",1.25,1.41304347826087,-0.16304347826087
"979782527",1,1.38888888888889,-0.388888888888889
"979977486",1,1.38823529411765,-0.388235294117647
"980059652",1,1.39772727272727,-0.397727272727273
"980134216",1.6875,1.25,0.4375
"980238316",1,1.15909090909091,-0.159090909090909
"980439867",1.36538461538462,1,0.365384615384615
"980658723",1,1.38297872340426,-0.382978723404255
"980823176",1,1.41463414634146,-0.414634146341463
"981203615",1.30526315789474,1,0.305263157894737
"981259135",1.45454545454545,1.4,0.0545454545454547
"981729237",1.43820224719101,1,0.438202247191011
"981891508",1,1.4,-0.4
"981893982",1.11111111111111,1.34177215189873,-0.230661040787623
"981947921",1.37931034482759,1.14285714285714,0.236453201970444
"982029307",1,1.26666666666667,-0.266666666666667
"982070937",1,1.41489361702128,-0.414893617021277
"982109613",1,1.40243902439024,-0.402439024390244
"982160068",1.16666666666667,1.36923076923077,-0.202564102564103
"982374753",1.48648648648649,1,0.486486486486486
"982381952",1,1.42553191489362,-0.425531914893617
"982769008",1.32857142857143,1,0.328571428571429
"982825679",1.47619047619048,1,0.476190476190476
"982890984",1,1.4375,-0.4375
"983074216",1.33766233766234,1.33333333333333,0.00432900432900429
"983286096",1.57142857142857,1,0.571428571428571
"983487621",1.37078651685393,1,0.370786516853933
"983525272",1,1.40217391304348,-0.402173913043478
"983665549",1.1,1.29807692307692,-0.198076923076923
"983715012",1.47674418604651,1,0.476744186046512
"983717007",1.30952380952381,1,0.30952380952381
"983863413",1.425,1,0.425
"983897088",1.43181818181818,1,0.431818181818182
"984102271",1.2,1.38157894736842,-0.181578947368421
"984386123",1.44776119402985,1.16666666666667,0.281094527363184
"984430642",1,1.33783783783784,-0.337837837837838
"984660688",1.4,1,0.4
"984801233",1,1.41509433962264,-0.415094339622641
"984825240",1.46551724137931,1,0.46551724137931
"985099723",1,1.50793650793651,-0.507936507936508
"985146293",1,1.2972972972973,-0.297297297297297
"985427317",1,1.32051282051282,-0.32051282051282
"985633013",1,1.34285714285714,-0.342857142857143
"985764804",1,1.4,-0.4
"985776373",1.38636363636364,1.5,-0.113636363636364
"985906869",1.39189189189189,1.25,0.141891891891892
"986211608",1,1.34146341463415,-0.341463414634146
"986397676",1,1.47191011235955,-0.471910112359551
"986726461",1,1.45762711864407,-0.457627118644068
"986863404",1.46052631578947,1,0.460526315789474
"986911446",1.49019607843137,1,0.490196078431373
"987058874",1.30434782608696,1,0.304347826086957
"987061479",1,1.36,-0.36
"987267850",1.45,1,0.45
"987669750",1.37373737373737,1.66666666666667,-0.292929292929293
"987736262",1.26582278481013,1.2,0.0658227848101267
"988201440",1,1.41975308641975,-0.419753086419753
"988634827",1,1.38823529411765,-0.388235294117647
"988971743",1.37837837837838,1,0.378378378378378
"988990506",1,1.3968253968254,-0.396825396825397
"988999206",1.42372881355932,1,0.423728813559322
"989036966",1.46315789473684,1.06666666666667,0.396491228070176
"989133014",1.31,1,0.31
"989134873",1.29850746268657,1,0.298507462686567
"989193333",1,1.41333333333333,-0.413333333333333
"989268452",1,1.33333333333333,-0.333333333333333
"989520597",1,1.34,-0.34
"989680504",1,1.34146341463415,-0.341463414634146
"990022258",1.46153846153846,1,0.461538461538461
"990233330",1.21951219512195,1,0.219512195121951
"990267122",1.18918918918919,1,0.189189189189189
"990535106",1,1.35802469135802,-0.358024691358025
"990563579",1,1.38235294117647,-0.382352941176471
"990852623",1,1.51136363636364,-0.511363636363636
"991286864",1.51515151515152,2,-0.484848484848485
"991644298",1,1.52777777777778,-0.527777777777778
"991804602",1,1.32558139534884,-0.325581395348837
"992304487",1.45454545454545,1.2,0.254545454545455
"992405066",1,1.36764705882353,-0.367647058823529
"992423989",1.34313725490196,1,0.343137254901961
"992688322",1,1.39130434782609,-0.391304347826087
"992979370",1,1.39024390243902,-0.390243902439024
"993517915",1.125,1.4125,-0.2875
"993890601",1.125,1.39473684210526,-0.269736842105263
"994426338",1.46511627906977,1,0.465116279069767
"994597104",1,1.33333333333333,-0.333333333333333
"994644676",1,1.59259259259259,-0.592592592592593
"994705205",1,1.29577464788732,-0.295774647887324
"995161010",1,1.52777777777778,-0.527777777777778
"995235919",1.41379310344828,1.22222222222222,0.191570881226053
"995728324",1.43181818181818,1,0.431818181818182
"995822412",1.31506849315068,1,0.315068493150685
"995828117",1.35135135135135,1,0.351351351351351
"995963619",1,1.41666666666667,-0.416666666666667
"996094462",1,1.3936170212766,-0.393617021276596
"996274567",1,1.49,-0.49
"996347724",1.44578313253012,1,0.44578313253012
"996838849",1.44642857142857,1,0.446428571428571
"996854901",1,1.39189189189189,-0.391891891891892
"996888739",1,1.54651162790698,-0.546511627906977
"996965116",1,1.37837837837838,-0.378378378378378
"997147586",1.5,1.375,0.125
"997453041",1.48351648351648,1,0.483516483516484
"997689346",1.40963855421687,1.1,0.309638554216867
"997883261",1.29411764705882,1.2,0.0941176470588236
"997890153",1.41666666666667,1,0.416666666666667
"998162850",1.22222222222222,1.32954545454545,-0.107323232323232
"998195059",1.2,1.37362637362637,-0.173626373626374
"998203489",1,1.46511627906977,-0.465116279069767
"998292612",1.2,1.27777777777778,-0.0777777777777777
"998413629",1.41666666666667,1,0.416666666666667
"998502178",1,1.48809523809524,-0.488095238095238
"998506156",1.39655172413793,1,0.396551724137931
"998588154",1,1.40425531914894,-0.404255319148936
"998610233",1.40789473684211,1,0.407894736842105
"998680762",1.38333333333333,1,0.383333333333333
"998813650",1.32098765432099,1.125,0.195987654320988
"998930456",1.43396226415094,1,0.433962264150943
"999586100",1.42857142857143,1.14285714285714,0.285714285714286
"999929175",1,1.40816326530612,-0.408163265306122
