"term","estimate_log_odds","odds_ratio","standard_error","naive_p_value"
"(Intercept)",-3.52366002103559,0.0294912986242623,0.0258872900509943,0
"productAmericano",0.0839651233337101,1.08759096160033,0.0317744009537084,0.0082286761536768
"productCaramel Frappe",0.0344487881174212,1.03504902020992,0.0322196949810485,0.284986686357039
"productCold Brew",-0.0553322515091886,0.946170729070618,0.0330968711321857,0.0945583889630315
"productCortado",0.0265386161494038,1.02689390118435,0.0327108633500715,0.417188272451364
"productEspresso",0.0691791510053046,1.07162817521728,0.0323339739228579,0.0323936601943193
"productFlat White",0.0699369957774717,1.07244061083873,0.0321096148185484,0.029400809383782
"productIced Mocha",0.100567437834925,1.10579821182689,0.031591758358525,0.00145584484299392
"productIrish Coffee",0.0100724640002712,1.01012336201172,0.0327461604638688,0.75839264541375
"productMacchiato",0.128539255375932,1.13716606029624,0.0320085900704076,5.92510809569233e-05
"productMocha",0.0684982175676909,1.07089871614481,0.0316150347164338,0.0302627523750253
"productNice Coffee",-0.0166893048502892,0.983449190066265,0.0332148580829151,0.615340441260222
"productNitro Brew",0.0180631891304598,1.01822731525568,0.0326658784026701,0.580285245302529
"producttasty drink",0.0167709496574063,1.01691237152044,0.0331250743955833,0.612651900914636
"productVanilla Cold Brew",0.0149947933600495,1.01510777930124,0.0327665472087126,0.647221831219997
"prior_orders",0.00261180233048539,1.00261521605754,0.000281834978412907,1.91215873874854e-20
"item_share",6.40865859606715,607.078796753638,0.0263065768502644,0
