"product","PC1","PC2","PC3","PC4","PC5","PC6","PC7","PC8","PC9","PC10","PC11","PC12","PC13","PC14","PC15"
"Affogato",0.0909038594745064,-0.138565417181857,0.490082818431684,-0.157862558507377,0.189104555433611,-0.059014871345848,0.562931325498471,-0.0727802368291303,0.225721324453789,0.207621393601148,0.193270740095061,-0.11323877579031,0.0447228293204611,-0.354599541896913,-0.272081061226198
"Americano",-0.129611449084526,0.289141188317674,-0.238630305565073,0.0936015658568941,0.409627683658896,-0.307582903407664,0.345952680871507,0.198426721460053,-0.139362691034685,0.0525085287905667,-0.55004563668289,0.0632624889886444,-0.0270019861598714,0.0892107603532768,-0.273888571366182
"Caramel Frappe",-0.174515649395316,0.129948946266091,-0.3749964064989,0.166624065381586,-0.387712338024634,0.0721063741243868,0.308221168247196,-0.421272137761592,-0.0992980636161754,0.0591216579729787,0.159961788245517,-0.243747110271821,-0.43240777050707,-0.0480421210005433,-0.261993430918062
"Cold Brew",0.305063853299495,-0.281595494017645,0.112591003455978,0.062698127685563,-0.273862839869791,-0.435773903129582,-0.155991803164011,0.19295890460807,0.221960035442197,-0.213950169316752,-0.155970568436152,0.209718318477478,-0.504076807906284,-0.0491906619459897,-0.254368295102045
"Cortado",-0.395909706840338,0.160040937513784,0.315908140561475,0.0259016759034792,0.167660454291925,-0.102773950856148,-0.471123840253335,-0.0118013148456359,-0.405115623452592,-0.0612997683417192,0.0773861597677328,-0.112951559506179,-0.170089909743641,-0.419582660806687,-0.254560221436445
"Espresso",-0.209699095744026,-0.049998969651129,0.453753488876784,0.237744965651506,-0.125177702386529,0.414909265289295,0.0897192585455342,-0.128401882470202,0.0664141368390511,-0.414486895938854,-0.318746193615182,0.00214931994822126,0.0673979939677475,0.356112521246125,-0.263786188355815
"Flat White",-0.0393474539229541,0.115421943318848,0.0988460427447738,-0.639032775993941,-0.293822408355607,-0.0565042567006642,0.110778611766803,0.150862778948377,-0.389929932553875,0.0439479039432005,0.171742249178096,0.247296244801766,0.0411442504886457,0.359400451436858,-0.258749239778015
"Iced Mocha",0.0244897230800621,-0.4141952989325,-0.300052613476855,-0.127984735083722,-0.13706232587619,0.496553347309406,-0.0217668310120555,0.332217335360887,-0.127439341878419,0.111695256886376,-0.280533217504143,-0.00926637952170236,0.096898229679395,-0.393667909995151,-0.270873264340795
"Irish Coffee",0.130258559558384,-0.294464238765051,-0.025477515206731,0.446452720596343,-0.159788853993606,-0.324057514633364,0.00361610898716888,-0.216311024365406,-0.35584855124409,0.106728660387515,0.102899905112433,0.174844426272334,0.532600934766629,0.0180550574421611,-0.236298952662385
"Macchiato",-0.446606946415082,0.096035775672881,-0.0391899937021673,0.132756872505455,-0.0965491511219171,0.0288723922969067,-0.196179034193938,0.110734712619004,0.507436042605322,0.476162021140962,0.121747643177683,0.36519385868707,0.0683687331620247,0.099072539796286,-0.253683023033813
"Mocha",-0.243178314195877,-0.4261737228248,-0.263538942994557,-0.201837053144933,0.303644181820371,-0.192213179950758,-0.122243299614448,0.00778948980845103,0.195011011506788,-0.248354936032903,0.22986163131365,-0.42574314267943,0.102177051857324,0.291782973782604,-0.274807174513552
"Nice Coffee",0.248705451497959,0.0530478999546819,-0.194789430575436,-0.213358962991255,0.37412708474109,0.191530877049395,-0.154600466863483,-0.545801644985597,0.0889200635685089,-0.186542149094036,0.0198188927565736,0.485291366886486,-0.0280471319108299,-0.104581531318429,-0.251160244166525
"Nitro Brew",0.190343330172024,0.429379231475382,-0.149850757160841,0.215845492086811,-0.0335582693245748,0.0999058809051907,0.0796670095962637,0.422518297777674,0.115563451515093,-0.437479356976855,0.429081371606923,0.0165019472702823,0.192373843624921,-0.14989225181586,-0.256477795939715
"tasty drink",0.433459942842073,0.0124433381115362,0.10510443697657,0.236470398434523,0.291204348858418,0.269935195120442,-0.172783949407497,0.133920850543262,-0.178411024335123,0.412173735095174,0.161787304035646,-0.18632678690858,-0.275973492235613,0.378939053924832,-0.23910608473775
"Vanilla Cold Brew",0.294988579978974,0.350898471451119,0.0316263848122468,-0.216736684870472,-0.263200551812692,-0.109629246392955,-0.296299301799137,-0.193398593963846,0.241753823473087,0.137938638918395,-0.324766984728346,-0.435986685005659,0.314502424021616,-0.0478073859647655,-0.247306091891695
