"component","variance_explained","cumulative_variance"
1,0.0868852447816138,0.0868852447816138
2,0.0832592813519133,0.170144526133527
3,0.0822670273523174,0.252411553485844
4,0.0788918275583565,0.331303381044201
5,0.0766504030416373,0.407953784085838
6,0.0757707838938942,0.483724567979732
7,0.0724069529262881,0.556131520906021
8,0.0700903582532988,0.626221879159319
9,0.0675222803986205,0.69374415955794
10,0.0668938862110837,0.760638045769024
11,0.0634668212589625,0.824104867027986
12,0.0624640200370228,0.886568887065009
13,0.0602450968696422,0.946813983934651
14,0.053186016065349,1
15,2.70757649145527e-32,1
