"customer","rank","product","estimated_probability","prior_product_orders"
"910553491",1,"Flat White",0.384693221750258,34
"910553491",2,"Macchiato",0.374086415901882,33
"910553491",3,"Caramel Frappe",0.27689898348441,29
"910582186",1,"tasty drink",0.272786360961471,30
"910582186",2,"Iced Mocha",0.199036201177397,24
"910582186",3,"Macchiato",0.189729447434988,23
"910887495",1,"tasty drink",0.274297462996449,27
"910887495",2,"Vanilla Cold Brew",0.223915759048974,24
"910887495",3,"Nice Coffee",0.217257610974028,24
"911097552",1,"Nitro Brew",0.494881079716902,22
"911097552",2,"Cold Brew",0.355801650385255,19
"911097552",3,"Caramel Frappe",0.12738107169752,10
"911129926",1,"Irish Coffee",0.409503408462811,47
"911129926",2,"Vanilla Cold Brew",0.364866760220479,44
"911129926",3,"Nitro Brew",0.285004104144932,38
"911297845",1,"Nitro Brew",0.68740081765324,70
"911297845",2,"Americano",0.494055519865149,56
"911297845",3,"Macchiato",0.0463766852748866,4
"911362459",1,"tasty drink",0.411545302948402,39
"911362459",2,"Iced Mocha",0.303538568676894,32
"911362459",3,"Affogato",0.239895921152481,29
"911437525",1,"Iced Mocha",0.564770128577481,33
"911437525",2,"Irish Coffee",0.463948068594861,30
"911437525",3,"Americano",0.039489351214065,2
"911646234",1,"Vanilla Cold Brew",0.584553354831458,49
"911646234",2,"Cold Brew",0.582009723778947,50
"911646234",3,"Macchiato",0.0441715915349212,3
"911649277",1,"Americano",0.484056523565939,28
"911649277",2,"Nice Coffee",0.351453909743322,24
"911649277",3,"Vanilla Cold Brew",0.0546101107016922,5
"911699863",1,"Iced Mocha",0.453229491130587,38
"911699863",2,"Nice Coffee",0.293627678323004,31
"911699863",3,"tasty drink",0.19446459519765,24
"911898961",1,"Vanilla Cold Brew",0.238663768238244,39
"911898961",2,"Mocha",0.2226634862611,37
"911898961",3,"Espresso",0.21360526906765,36
"912232974",1,"Espresso",0.286076680413783,27
"912232974",2,"Americano",0.268881738530963,26
"912232974",3,"Iced Mocha",0.258928848877932,25
"912267067",1,"Iced Mocha",0.655139361672706,52
"912267067",2,"Espresso",0.5152160896851,45
"912267067",3,"tasty drink",0.0433930105540256,4
"912515446",1,"Espresso",0.291362408913597,36
"912515446",2,"Nice Coffee",0.203756974072256,30
"912515446",3,"Mocha",0.202448618916146,29
"912799319",1,"Flat White",0.340140162119399,40
"912799319",2,"Nitro Brew",0.250447730894907,34
"912799319",3,"Nice Coffee",0.19483470851353,30
"912921981",1,"Caramel Frappe",0.241318351059228,16
"912921981",2,"Cold Brew",0.227985230105295,16
"912921981",3,"Nitro Brew",0.220835677063698,15
"912941099",1,"Flat White",0.368747020169963,34
"912941099",2,"Nitro Brew",0.271556177891483,29
"912941099",3,"Americano",0.25787447924903,28
"912941149",1,"Vanilla Cold Brew",0.36235223695898,45
"912941149",2,"Nice Coffee",0.339381731622438,44
"912941149",3,"Mocha",0.28569137323089,39
"912970357",1,"Cold Brew",0.272395230174145,39
"912970357",2,"Flat White",0.195793626658405,30
"912970357",3,"Affogato",0.194728235447677,31
"913600310",1,"Espresso",0.534606045139684,51
"913600310",2,"Caramel Frappe",0.508289962138234,50
"913600310",3,"Macchiato",0.0533875986141253,6
"913852048",1,"Nitro Brew",0.412131598462127,51
"913852048",2,"Vanilla Cold Brew",0.3139219194666,44
"913852048",3,"Irish Coffee",0.26525601149665,40
"913957046",1,"Vanilla Cold Brew",0.67175132083492,45
"913957046",2,"Nice Coffee",0.531377811090091,39
"913957046",3,"Caramel Frappe",0.0407635061770648,3
"914102122",1,"Irish Coffee",0.33056212268441,45
"914102122",2,"tasty drink",0.293001533187486,42
"914102122",3,"Nitro Brew",0.218768576673144,35
"914164775",1,"Macchiato",0.652460511194208,51
"914164775",2,"Cortado",0.480766192195851,43
"914164775",3,"Flat White",0.0493044849171105,5
"914380847",1,"Affogato",0.675989909399,46
"914380847",2,"Mocha",0.57950707514202,41
"914380847",3,"tasty drink",0.0410931930188473,3
"914438720",1,"tasty drink",0.439199537646278,30
"914438720",2,"Cortado",0.363829170566358,27
"914438720",3,"Americano",0.322038752644439,25
"914484588",1,"Nitro Brew",0.643203618645516,44
"914484588",2,"Macchiato",0.50726010165412,37
"914484588",3,"Americano",0.0504118457436319,5
"914661179",1,"Iced Mocha",0.637997101610852,26
"914661179",2,"Flat White",0.522616406308219,23
"914661179",3,"Cold Brew",0.0498459761533036,4
"914718421",1,"Vanilla Cold Brew",0.421772442770352,32
"914718421",2,"Americano",0.275715968583863,25
"914718421",3,"tasty drink",0.25052290578062,24
"914740436",1,"tasty drink",0.2645291729487,15
"914740436",2,"Affogato",0.178159907626438,12
"914740436",3,"Espresso",0.160991388608372,11
"914915156",1,"Nitro Brew",0.245619380595895,28
"914915156",2,"Nice Coffee",0.182062412562659,24
"914915156",3,"Flat White",0.171851742894923,22
"914934536",1,"Americano",0.323820142902339,30
"914934536",2,"Mocha",0.233819868130962,25
"914934536",3,"Flat White",0.168364146521069,20
"915197528",1,"Americano",0.259879517561191,15
"915197528",2,"Vanilla Cold Brew",0.254024611705807,15
"915197528",3,"Iced Mocha",0.237632401879166,14
"915288944",1,"Affogato",0.380296387331872,27
"915288944",2,"Americano",0.316363308860438,24
"915288944",3,"Cold Brew",0.291534059345356,24
"915402922",1,"Macchiato",0.343521223478706,23
"915402922",2,"tasty drink",0.229070070873969,19
"915402922",3,"Cortado",0.173418972421982,16
"915885670",1,"Macchiato",0.695920110758102,63
"915885670",2,"Iced Mocha",0.457344872384052,48
"915885670",3,"Flat White",0.0477966593468894,5
"916437132",1,"Americano",0.250726055093403,24
"916437132",2,"Caramel Frappe",0.209212070458299,22
"916437132",3,"Cortado",0.154784265834811,18
"916749089",1,"Caramel Frappe",0.377864924244323,20
"916749089",2,"Vanilla Cold Brew",0.346309450125596,19
"916749089",3,"Iced Mocha",0.266701654371407,16
"916904975",1,"Mocha",0.254361642561309,33
"916904975",2,"Macchiato",0.217353200611766,29
"916904975",3,"Cortado",0.181062627633028,27
"917221208",1,"Mocha",0.558363201151696,56
"917221208",2,"Nice Coffee",0.447825549214874,50
"917221208",3,"Irish Coffee",0.0542061704310644,8
"917532195",1,"Mocha",0.308867009965301,26
"917532195",2,"Caramel Frappe",0.224377625871795,22
"917532195",3,"Irish Coffee",0.192830182053581,20
"917966873",1,"Espresso",0.602180918266521,27
"917966873",2,"Nitro Brew",0.565948368580912,26
"917966873",3,"Vanilla Cold Brew",0.0457559629434634,3
"918087373",1,"Iced Mocha",0.677838494380068,51
"918087373",2,"Mocha",0.513715263835025,43
"918087373",3,"Macchiato",0.044344017085462,3
"918484847",1,"Macchiato",0.545674993483833,28
"918484847",2,"Cold Brew",0.437910601083421,26
"918484847",3,"Iced Mocha",0.0472233394479157,3
"918526544",1,"Americano",0.37944543409831,34
"918526544",2,"tasty drink",0.371769462593214,34
"918526544",3,"Cold Brew",0.246174175570957,28
"918572753",1,"Nitro Brew",0.356273676728067,20
"918572753",2,"tasty drink",0.319829017739075,19
"918572753",3,"Cold Brew",0.196153181361577,15
"918762675",1,"Irish Coffee",0.271846306896027,35
"918762675",2,"Nitro Brew",0.213132220367032,30
"918762675",3,"tasty drink",0.187962911123725,28
"918770247",1,"Macchiato",0.657684068029592,53
"918770247",2,"Iced Mocha",0.527341345264707,46
"918770247",3,"Mocha",0.0475102153406605,5
"918787479",1,"tasty drink",0.666964513130109,43
"918787479",2,"Affogato",0.502022875363177,36
"918787479",3,"Americano",0.0390010780275266,2
"918994192",1,"tasty drink",0.458144008141159,55
"918994192",2,"Cortado",0.361788543670642,48
"918994192",3,"Cold Brew",0.225094075000765,38
"919015987",1,"Nice Coffee",0.345236345738502,25
"919015987",2,"Flat White",0.315190394942184,23
"919015987",3,"Mocha",0.262170417515344,21
"919679848",1,"Nice Coffee",0.59993242166405,65
"919679848",2,"Flat White",0.536581965733985,59
"919679848",3,"Cortado",0.0449999411070611,5
"919715480",1,"Nice Coffee",0.568923364409679,55
"919715480",2,"Iced Mocha",0.334827402358593,39
"919715480",3,"tasty drink",0.26339950804889,35
"919742790",1,"Vanilla Cold Brew",0.327525249494649,22
"919742790",2,"Cortado",0.275917576452795,20
"919742790",3,"Iced Mocha",0.145944563152958,13
"919768947",1,"Nitro Brew",0.403805319319912,50
"919768947",2,"Americano",0.39270652364265,49
"919768947",3,"Affogato",0.314700470905774,44
"919939096",1,"Mocha",0.267257624411073,16
"919939096",2,"Americano",0.188885707068418,13
"919939096",3,"Nice Coffee",0.178482581012672,13
"919976458",1,"Mocha",0.603638254887094,41
"919976458",2,"Americano",0.444486943672595,34
"919976458",3,"Iced Mocha",0.0442618915923242,3
"920066654",1,"Caramel Frappe",0.336214117792336,35
"920066654",2,"Espresso",0.277793678227119,31
"920066654",3,"Cold Brew",0.22744717094132,29
"920526386",1,"Flat White",0.68137361311371,28
"920526386",2,"Americano",0.572085282439242,25
"920526386",3,"Cortado",0.0403907886025049,2
"920576383",1,"Flat White",0.299792612348721,22
"920576383",2,"Affogato",0.285285819204017,22
"920576383",3,"Cold Brew",0.128556303448052,14
"920607151",1,"Affogato",0.540373378891139,35
"920607151",2,"Americano",0.474999903820587,32
"920607151",3,"Cortado",0.0513775747541383,5
"920896797",1,"Caramel Frappe",0.685671248506171,44
"920896797",2,"Cortado",0.435568120820392,33
"920896797",3,"Espresso",0.0465854049330033,4
"920949687",1,"Caramel Frappe",0.321625238818972,25
"920949687",2,"Affogato",0.320595108444201,25
"920949687",3,"Vanilla Cold Brew",0.237417363642415,21
"920993268",1,"Mocha",0.68405079023676,72
"920993268",2,"Flat White",0.473398742087238,56
"920993268",3,"Macchiato",0.0489042822487918,5
"921003626",1,"Espresso",0.494718560742509,58
"921003626",2,"Affogato",0.29749869438011,44
"921003626",3,"Mocha",0.24884691359025,39
"921257528",1,"Americano",0.727901487201766,52
"921257528",2,"Caramel Frappe",0.566994746810847,44
"921257528",3,"Macchiato",0.0482756563890238,4
"921318464",1,"Irish Coffee",0.366650711639196,37
"921318464",2,"Nice Coffee",0.323846675254951,35
"921318464",3,"tasty drink",0.282731984789457,32
"921571285",1,"Mocha",0.396785917360839,29
"921571285",2,"Nice Coffee",0.312363295737215,26
"921571285",3,"Espresso",0.20661078984527,20
"921761279",1,"Affogato",0.557254779544206,26
"921761279",2,"Cold Brew",0.468755246534956,24
"921761279",3,"Nice Coffee",0.0440944159297404,3
"921989814",1,"Caramel Frappe",0.65062788848016,66
"921989814",2,"Iced Mocha",0.599480305489107,61
"921989814",3,"Cortado",0.042622044898661,4
"922130508",1,"Macchiato",0.483911100097589,27
"922130508",2,"Espresso",0.349583932521413,23
"922130508",3,"Vanilla Cold Brew",0.317038247305498,22
"922448136",1,"Iced Mocha",0.338704043894179,23
"922448136",2,"Cold Brew",0.256789471649731,21
"922448136",3,"Espresso",0.194265409160595,17
"922799248",1,"Vanilla Cold Brew",0.348517684619567,26
"922799248",2,"Flat White",0.336053159785198,25
"922799248",3,"Cold Brew",0.186917316568137,19
"922825003",1,"Americano",0.23564971457471,37
"922825003",2,"Flat White",0.219225689125427,35
"922825003",3,"Iced Mocha",0.193832198299328,32
"922976369",1,"Macchiato",0.375631838132791,39
"922976369",2,"Affogato",0.350201462296343,39
"922976369",3,"Iced Mocha",0.277274614789639,33
"923041121",1,"Nitro Brew",0.605248698950115,58
"923041121",2,"Irish Coffee",0.536212074927821,54
"923041121",3,"Flat White",0.0449165378221614,4
"923234972",1,"Nitro Brew",0.522622899276084,38
"923234972",2,"Nice Coffee",0.462525550090571,36
"923234972",3,"Americano",0.0424846776159188,3
"923560308",1,"Mocha",0.348942987729002,23
"923560308",2,"Cortado",0.14924033260978,14
"923560308",3,"Iced Mocha",0.142528568765582,13
"923574883",1,"Nitro Brew",0.537529528613465,33
"923574883",2,"Mocha",0.484367888965047,31
"923574883",3,"Flat White",0.0495233819657214,4
"923746101",1,"Vanilla Cold Brew",0.571814734595486,23
"923746101",2,"Flat White",0.383092428204877,18
"923746101",3,"Nitro Brew",0.183389033523964,12
"923903144",1,"Nice Coffee",0.698174832065848,67
"923903144",2,"Vanilla Cold Brew",0.591639499935126,59
"923903144",3,"Espresso",0.0463391211988839,5
"924290224",1,"Vanilla Cold Brew",0.615466831376642,31
"924290224",2,"Iced Mocha",0.602305099622734,30
"924290224",3,"Americano",0.0454249627667086,3
"924319594",1,"Nice Coffee",0.198849705186258,29
"924319594",2,"tasty drink",0.182921494706485,27
"924319594",3,"Cold Brew",0.180726137003612,28
"924500158",1,"Nice Coffee",0.554789518604479,50
"924500158",2,"Caramel Frappe",0.543222562446824,49
"924500158",3,"Cortado",0.0464725442946414,5
"924665841",1,"Macchiato",0.362336976615724,42
"924665841",2,"Vanilla Cold Brew",0.29908119226066,39
"924665841",3,"Cortado",0.260745122475649,36
"924811778",1,"Affogato",0.393921132097511,34
"924811778",2,"Nitro Brew",0.340623957209438,31
"924811778",3,"Cold Brew",0.298661329563346,30
"925216804",1,"tasty drink",0.269626610221068,41
"925216804",2,"Nitro Brew",0.230437854899408,37
"925216804",3,"Americano",0.222588347196165,36
"925285764",1,"Espresso",0.307202724645183,27
"925285764",2,"Iced Mocha",0.240502912682484,23
"925285764",3,"tasty drink",0.180783944051878,20
"925328557",1,"Iced Mocha",0.611264526927541,43
"925328557",2,"Espresso",0.491036757326774,38
"925328557",3,"Macchiato",0.0576568952910311,6
"925405014",1,"Flat White",0.721932741894932,52
"925405014",2,"Cold Brew",0.496432193241497,42
"925405014",3,"Mocha",0.041575239421428,3
"925480907",1,"Flat White",0.58595016593246,65
"925480907",2,"Irish Coffee",0.558460120452102,64
"925480907",3,"Americano",0.0460349815662773,5
"925585427",1,"Mocha",0.357586448773551,33
"925585427",2,"Espresso",0.267395673095675,28
"925585427",3,"Americano",0.252243879638151,27
"925759274",1,"Macchiato",0.533524443737261,22
"925759274",2,"Cortado",0.319860750474318,17
"925759274",3,"tasty drink",0.0408162882848604,2
"925805613",1,"Cortado",0.510324277526707,46
"925805613",2,"Espresso",0.319120341920732,35
"925805613",3,"Affogato",0.145652671475301,22
"925882013",1,"Cortado",0.6431467572462,26
"925882013",2,"Americano",0.383144292326681,19
"925882013",3,"Mocha",0.219989099988264,14
"926357665",1,"Macchiato",0.505555245430077,35
"926357665",2,"Iced Mocha",0.382565027127079,30
"926357665",3,"Nice Coffee",0.149377034881186,18
"926395999",1,"Iced Mocha",0.587914540936856,54
"926395999",2,"Cold Brew",0.56587281955594,55
"926395999",3,"Affogato",0.047980977414277,6
"926664623",1,"tasty drink",0.224584565197767,14
"926664623",2,"Affogato",0.221957767197825,14
"926664623",3,"Vanilla Cold Brew",0.174117069621382,12
"926726926",1,"Vanilla Cold Brew",0.375751582380183,35
"926726926",2,"Espresso",0.362163117859876,34
"926726926",3,"Caramel Frappe",0.234501028801474,27
"926944487",1,"tasty drink",0.723829832508737,77
"926944487",2,"Cortado",0.600952609449619,67
"926944487",3,"Flat White",0.0445770529271657,4
"927105448",1,"Nice Coffee",0.482210047254665,30
"927105448",2,"Affogato",0.324690547392151,24
"927105448",3,"Mocha",0.262170417515344,21
"927231111",1,"Americano",0.272725050705464,20
"927231111",2,"Irish Coffee",0.181950254678152,16
"927231111",3,"Caramel Frappe",0.163253197565093,15
"927286109",1,"Irish Coffee",0.720756829121374,57
"927286109",2,"Macchiato",0.55118779031794,46
"927286109",3,"Iced Mocha",0.0432754567013966,3
"927339011",1,"Iced Mocha",0.291228084255105,15
"927339011",2,"Caramel Frappe",0.242117780160437,14
"927339011",3,"Flat White",0.223821121339092,13
"927463800",1,"Flat White",0.368045769803158,43
"927463800",2,"Mocha",0.29017429480874,38
"927463800",3,"Caramel Frappe",0.257731606138261,36
"927536261",1,"Flat White",0.702775197290534,73
"927536261",2,"Vanilla Cold Brew",0.54535324735974,62
"927536261",3,"Cortado",0.0402668895115672,3
"927551135",1,"Cortado",0.657273438250274,33
"927551135",2,"Flat White",0.519821494130407,28
"927551135",3,"Macchiato",0.0479531397469708,3
"927809465",1,"Cortado",0.319584141829362,24
"927809465",2,"Caramel Frappe",0.248430430632388,21
"927809465",3,"Irish Coffee",0.145633624038358,15
"928531242",1,"Affogato",0.715535441257278,43
"928531242",2,"tasty drink",0.405020820470425,30
"928531242",3,"Iced Mocha",0.044909163976107,3
"928533117",1,"Caramel Frappe",0.232062733208815,14
"928533117",2,"Macchiato",0.194843303777518,12
"928533117",3,"Nitro Brew",0.160128490511273,11
"928652010",1,"Nice Coffee",0.670851670250288,72
"928652010",2,"Macchiato",0.525993673428188,59
"928652010",3,"Espresso",0.0458231644813623,5
"928908276",1,"Americano",0.394422417162934,36
"928908276",2,"Macchiato",0.351558949465721,33
"928908276",3,"Affogato",0.243881610294384,28
"929015320",1,"Nice Coffee",0.215956001920799,23
"929015320",2,"Cortado",0.207181887919829,22
"929015320",3,"Nitro Brew",0.194403710618319,21
"929042093",1,"Nice Coffee",0.523375951582413,33
"929042093",2,"Caramel Frappe",0.502887244085883,32
"929042093",3,"Flat White",0.0446687222630047,3
"929163535",1,"Affogato",0.675940277556823,52
"929163535",2,"Iced Mocha",0.446438468324718,39
"929163535",3,"Flat White",0.0426828415847012,3
"929413516",1,"Vanilla Cold Brew",0.671272326037825,58
"929413516",2,"Iced Mocha",0.655659002009208,56
"929413516",3,"Flat White",0.0452744162515696,4
"929419691",1,"Americano",0.26833612947545,40
"929419691",2,"Macchiato",0.206525179990913,33
"929419691",3,"Nice Coffee",0.203946674996534,35
"929441214",1,"Caramel Frappe",0.487586385065378,26
"929441214",2,"Nice Coffee",0.244373829747603,18
"929441214",3,"Flat White",0.17311717116683,14
"929587040",1,"Iced Mocha",0.436644147221608,31
"929587040",2,"Nitro Brew",0.329860247854425,27
"929587040",3,"Flat White",0.315569234881352,26
"929607576",1,"Vanilla Cold Brew",0.317038247305498,22
"929607576",2,"Affogato",0.313323425276797,22
"929607576",3,"Macchiato",0.261007185226153,19
"929711900",1,"Nice Coffee",0.279897507537372,27
"929711900",2,"Irish Coffee",0.217097916631764,23
"929711900",3,"Mocha",0.163776759240438,19
"930073763",1,"tasty drink",0.318715112651889,17
"930073763",2,"Iced Mocha",0.161763132512126,11
"930073763",3,"Cold Brew",0.141451098988089,11
"930270856",1,"Mocha",0.272375902760187,35
"930270856",2,"Irish Coffee",0.254341772479261,34
"930270856",3,"Cortado",0.242929951926519,33
"930486849",1,"Flat White",0.603487031439317,60
"930486849",2,"Caramel Frappe",0.58774126150711,60
"930486849",3,"Mocha",0.0489185911039847,6
"930534124",1,"Iced Mocha",0.231888730222293,27
"930534124",2,"tasty drink",0.219065643332245,27
"930534124",3,"Nice Coffee",0.212857828251455,27
"930552371",1,"Nice Coffee",0.384436329891846,23
"930552371",2,"Flat White",0.261685901527141,18
"930552371",3,"Mocha",0.208883021105112,16
"930665654",1,"Americano",0.336947134825864,46
"930665654",2,"Cortado",0.330840050454341,46
"930665654",3,"Nice Coffee",0.321622822864804,46
"930688754",1,"Irish Coffee",0.253773885030767,33
"930688754",2,"Caramel Frappe",0.252076320691551,33
"930688754",3,"Cortado",0.205614888350872,29
"930739712",1,"Cold Brew",0.453131532049721,26
"930739712",2,"Vanilla Cold Brew",0.2940486790316,20
"930739712",3,"Espresso",0.247969493707481,18
"930854365",1,"Espresso",0.361100360353649,23
"930854365",2,"Caramel Frappe",0.324781211632446,22
"930854365",3,"Nice Coffee",0.267618539215071,20
"931113788",1,"tasty drink",0.50816935074799,44
"931113788",2,"Espresso",0.456383668218291,41
"931113788",3,"Macchiato",0.0442523649122624,3
"931198492",1,"Nitro Brew",0.415768639197266,32
"931198492",2,"Mocha",0.286602530859902,26
"931198492",3,"Vanilla Cold Brew",0.263177640559368,25
"931204188",1,"Espresso",0.611973159607598,38
"931204188",2,"Macchiato",0.579449660422797,36
"931204188",3,"Americano",0.0431949211668661,3
"931257157",1,"Americano",0.589441704240534,31
"931257157",2,"Flat White",0.504437367879003,28
"931257157",3,"Macchiato",0.0601219843521794,5
"931386576",1,"Flat White",0.400237800427996,18
"931386576",2,"Cold Brew",0.367231519251473,18
"931386576",3,"Caramel Frappe",0.308854707745001,16
"931393688",1,"Macchiato",0.321387098499317,43
"931393688",2,"Cortado",0.314613076570152,44
"931393688",3,"Caramel Frappe",0.220752130897567,36
"931913660",1,"Flat White",0.648151796715125,27
"931913660",2,"Vanilla Cold Brew",0.527604672219447,24
"931913660",3,"tasty drink",0.046352052647801,3
"931923376",1,"Espresso",0.364748116063076,49
"931923376",2,"Nitro Brew",0.300849834431058,44
"931923376",3,"Vanilla Cold Brew",0.252186529844186,40
"932457056",1,"Affogato",0.367061242057849,21
"932457056",2,"Espresso",0.284415775068731,18
"932457056",3,"Nice Coffee",0.156419839228127,13
"932462726",1,"Irish Coffee",0.700501335143168,63
"932462726",2,"Cold Brew",0.473480097934274,50
"932462726",3,"Iced Mocha",0.045834350029368,4
"932579937",1,"Macchiato",0.379933262620863,42
"932579937",2,"tasty drink",0.299317751221856,38
"932579937",3,"Mocha",0.276933656614856,36
"932747608",1,"Vanilla Cold Brew",0.701900325629202,29
"932747608",2,"Flat White",0.540765717454863,24
"932747608",3,"Americano",0.0414686336909781,2
"932775593",1,"Americano",0.321380170924241,43
"932775593",2,"Flat White",0.300467158509506,41
"932775593",3,"Iced Mocha",0.256103185828774,37
"933315234",1,"Americano",0.289416497098564,32
"933315234",2,"Espresso",0.272586565791769,31
"933315234",3,"Cold Brew",0.153160455622758,23
"933414716",1,"Iced Mocha",0.682494967506675,71
"933414716",2,"Caramel Frappe",0.55633797862539,63
"933414716",3,"Macchiato",0.0463252608421387,4
"933851602",1,"Macchiato",0.258804179559949,32
"933851602",2,"Irish Coffee",0.240761929195107,32
"933851602",3,"Cold Brew",0.213884056272733,31
"933978249",1,"Nitro Brew",0.316210628270274,26
"933978249",2,"Affogato",0.229105246060581,22
"933978249",3,"Americano",0.202797364123971,20
"934060788",1,"tasty drink",0.380317980422031,20
"934060788",2,"Vanilla Cold Brew",0.252976360234196,16
"934060788",3,"Nitro Brew",0.140573731193017,11
"934073380",1,"Macchiato",0.375039546701913,44
"934073380",2,"Espresso",0.317092230489109,41
"934073380",3,"Iced Mocha",0.274636365172056,37
"934679818",1,"Espresso",0.369725930986301,40
"934679818",2,"Macchiato",0.306109294224593,35
"934679818",3,"Americano",0.278648468519274,34
"934695085",1,"Iced Mocha",0.643518174089763,36
"934695085",2,"Mocha",0.606095686357222,35
"934695085",3,"Flat White",0.0497779126281336,4
"934931439",1,"Nice Coffee",0.295012150722348,40
"934931439",2,"Cortado",0.21882857969344,33
"934931439",3,"Macchiato",0.212561853163867,31
"935264294",1,"Flat White",0.587038965011891,62
"935264294",2,"Cold Brew",0.450148593926223,55
"935264294",3,"Irish Coffee",0.0473345860356146,6
"935504548",1,"Espresso",0.551294654172255,54
"935504548",2,"Irish Coffee",0.366793568029572,43
"935504548",3,"Mocha",0.0494660768836519,6
"935848226",1,"Espresso",0.525883689139463,32
"935848226",2,"Affogato",0.515473516802959,32
"935848226",3,"Vanilla Cold Brew",0.0426125333276536,3
"936040410",1,"Caramel Frappe",0.563580879384609,38
"936040410",2,"Iced Mocha",0.415468161853818,31
"936040410",3,"tasty drink",0.199779530346888,21
"936111227",1,"Macchiato",0.444235394591972,46
"936111227",2,"Cold Brew",0.369010026428646,44
"936111227",3,"Caramel Frappe",0.18860298550455,29
"936229153",1,"Nice Coffee",0.61414190657822,37
"936229153",2,"Caramel Frappe",0.59494640716465,36
"936229153",3,"Cortado",0.0520139704847897,5
"936661903",1,"Nitro Brew",0.564355477881502,60
"936661903",2,"Espresso",0.551152174753227,59
"936661903",3,"Cortado",0.0505710045101859,7
"936726767",1,"Americano",0.24241124365088,20
"936726767",2,"Iced Mocha",0.229247708977998,19
"936726767",3,"Flat White",0.156285152572948,15
"936798789",1,"Americano",0.628542533559773,26
"936798789",2,"Affogato",0.543137113275373,24
"936798789",3,"Nice Coffee",0.0451213629368663,3
"936802975",1,"tasty drink",0.27662822743635,36
"936802975",2,"Americano",0.208949731000607,30
"936802975",3,"Nitro Brew",0.196082835800688,29
"936933626",1,"Nitro Brew",0.610735921244656,29
"936933626",2,"Cortado",0.376545879087843,22
"936933626",3,"tasty drink",0.0447768696466922,3
"937437207",1,"Nitro Brew",0.365988368364188,29
"937437207",2,"Flat White",0.307717738863122,26
"937437207",3,"Cold Brew",0.190924504483795,21
"937752746",1,"Cold Brew",0.574956855406453,63
"937752746",2,"Mocha",0.483832970709631,55
"937752746",3,"Americano",0.0579637843776127,9
"938119557",1,"Espresso",0.329301778625683,33
"938119557",2,"Mocha",0.204053145075004,25
"938119557",3,"Macchiato",0.189729447434988,23
"938210242",1,"Affogato",0.456297541045034,52
"938210242",2,"Mocha",0.435479600666985,50
"938210242",3,"Cortado",0.316335529497305,42
"938439415",1,"Affogato",0.254900927262493,39
"938439415",2,"Macchiato",0.211499868963779,33
"938439415",3,"Mocha",0.199881073847479,33
"938829445",1,"Flat White",0.238919753644389,19
"938829445",2,"Macchiato",0.225053379281019,18
"938829445",3,"tasty drink",0.208939030184747,18
"938876195",1,"Iced Mocha",0.282222678162203,29
"938876195",2,"Mocha",0.240690090285122,27
"938876195",3,"Nice Coffee",0.215483841400633,26
"939070676",1,"Caramel Frappe",0.577060308293218,65
"939070676",2,"Americano",0.503856025643625,59
"939070676",3,"Mocha",0.0456701534896624,5
"939254705",1,"Americano",0.299633470615967,43
"939254705",2,"Irish Coffee",0.292512616316248,43
"939254705",3,"Flat White",0.23666592393611,37
"939396392",1,"Affogato",0.251750516669673,34
"939396392",2,"Iced Mocha",0.242997759951056,32
"939396392",3,"Irish Coffee",0.241698244051695,33
"939450273",1,"Iced Mocha",0.298194236065547,25
"939450273",2,"Mocha",0.181424420876764,19
"939450273",3,"Caramel Frappe",0.149152006415998,17
"939698906",1,"Macchiato",0.273535853358004,40
"939698906",2,"Vanilla Cold Brew",0.234452265093286,38
"939698906",3,"Espresso",0.228690081300491,37
"939709238",1,"Mocha",0.250012801211193,26
"939709238",2,"Iced Mocha",0.226971365330672,24
"939709238",3,"Americano",0.219907686200115,24
"939796480",1,"Nitro Brew",0.605150807347127,40
"939796480",2,"Cortado",0.554852147774926,38
"939796480",3,"Flat White",0.0524272199745618,5
"940595926",1,"Irish Coffee",0.459113866201213,35
"940595926",2,"Espresso",0.3975716489578,32
"940595926",3,"Caramel Frappe",0.231757452787854,24
"940630893",1,"Cortado",0.228271711989132,23
"940630893",2,"Mocha",0.199183379721914,21
"940630893",3,"Vanilla Cold Brew",0.181089815864568,20
"940667888",1,"Caramel Frappe",0.289193466576916,29
"940667888",2,"Nitro Brew",0.277701093068609,28
"940667888",3,"Flat White",0.234580521457594,25
"941025808",1,"Cold Brew",0.645467006067356,72
"941025808",2,"Americano",0.580547284516386,65
"941025808",3,"Iced Mocha",0.0453709557877511,4
"941207351",1,"Cold Brew",0.303112229306749,34
"941207351",2,"Affogato",0.301315522951895,33
"941207351",3,"Espresso",0.262409134847895,30
"941250794",1,"Iced Mocha",0.718179046266838,71
"941250794",2,"Mocha",0.483832970709631,55
"941250794",3,"Flat White",0.0529099624492417,7
"941426254",1,"Cortado",0.512316292321602,21
"941426254",2,"Flat White",0.482794350235347,20
"941426254",3,"Iced Mocha",0.0443200104200032,2
"941802361",1,"Caramel Frappe",0.26531443925895,31
"941802361",2,"Americano",0.216870947031839,27
"941802361",3,"Irish Coffee",0.21112405331088,27
"941880763",1,"Affogato",0.663591537219433,43
"941880763",2,"tasty drink",0.410879117450884,32
"941880763",3,"Flat White",0.0436774498848502,3
"942062038",1,"Cortado",0.603717577244519,50
"942062038",2,"Macchiato",0.456132933166591,41
"942062038",3,"Nice Coffee",0.052107902719335,7
"942122457",1,"Mocha",0.297751523580294,43
"942122457",2,"Iced Mocha",0.210041185123446,34
"942122457",3,"Nitro Brew",0.183516950439217,32
"942123815",1,"tasty drink",0.577118104990335,56
"942123815",2,"Cold Brew",0.441670179379571,49
"942123815",3,"Vanilla Cold Brew",0.0455107445848419,5
"943041067",1,"Americano",0.346944835910947,30
"943041067",2,"Nitro Brew",0.323657433115763,29
"943041067",3,"Macchiato",0.213162687008386,22
"943183955",1,"Cortado",0.244047969104015,17
"943183955",2,"Vanilla Cold Brew",0.21911863776947,16
"943183955",3,"Affogato",0.193877288668868,15
"943311626",1,"Iced Mocha",0.431654397318224,25
"943311626",2,"tasty drink",0.207018725098714,17
"943311626",3,"Caramel Frappe",0.167699086571506,15
"943415162",1,"Espresso",0.621066338487465,44
"943415162",2,"Cortado",0.594948133710453,43
"943415162",3,"Iced Mocha",0.0439289076192177,3
"943629729",1,"Flat White",0.315190394942184,23
"943629729",2,"Cortado",0.258612345757065,21
"943629729",3,"Nitro Brew",0.183414275474107,17
"943810519",1,"Mocha",0.381023183213247,19
"943810519",2,"Cortado",0.34078738189205,18
"943810519",3,"Caramel Frappe",0.166296307086009,12
"944130133",1,"Americano",0.585076235988333,39
"944130133",2,"Cortado",0.554852147774926,38
"944130133",3,"Iced Mocha",0.0487122370783275,4
"944269370",1,"Macchiato",0.458936411431349,22
"944269370",2,"tasty drink",0.217385611870898,15
"944269370",3,"Cortado",0.15271451870245,12
"944603983",1,"Affogato",0.250648930196811,32
"944603983",2,"Iced Mocha",0.240321227700008,30
"944603983",3,"Espresso",0.207156700293975,28
"944715663",1,"Affogato",0.347517224607673,40
"944715663",2,"Nitro Brew",0.204912416782758,29
"944715663",3,"Flat White",0.188547290132071,27
"944716747",1,"Americano",0.42169560778092,25
"944716747",2,"Macchiato",0.406615028645787,24
"944716747",3,"Cortado",0.0440241252169794,3
"945002007",1,"Irish Coffee",0.496525030526924,41
"945002007",2,"Espresso",0.362163117859876,34
"945002007",3,"Nice Coffee",0.244818553735568,28
"945189912",1,"tasty drink",0.276303994868976,15
"945189912",2,"Espresso",0.248969560725208,14
"945189912",3,"Mocha",0.248442623920645,14
"945551614",1,"Americano",0.30985425067877,30
"945551614",2,"Irish Coffee",0.251027139764125,27
"945551614",3,"Nice Coffee",0.199960450668138,24
"945882178",1,"Americano",0.590318087672689,60
"945882178",2,"Vanilla Cold Brew",0.491280618453146,54
"945882178",3,"Macchiato",0.0464775473902344,4
"945935572",1,"Cortado",0.594363549034331,57
"945935572",2,"Mocha",0.566820788508182,55
"945935572",3,"Macchiato",0.0529197552923954,6
"946159360",1,"Espresso",0.288477935025296,25
"946159360",2,"Caramel Frappe",0.280945596589611,25
"946159360",3,"Affogato",0.279991981829548,25
"946173157",1,"Vanilla Cold Brew",0.269239910571674,39
"946173157",2,"Mocha",0.228166805382593,35
"946173157",3,"Cortado",0.204547228002985,33
"946207439",1,"tasty drink",0.245087595623746,25
"946207439",2,"Flat White",0.238307784923663,24
"946207439",3,"Caramel Frappe",0.196034840965407,22
"946456416",1,"Cold Brew",0.599299612062233,30
"946456416",2,"Mocha",0.593717733020159,29
"946456416",3,"Caramel Frappe",0.0440716253941024,3
"946468984",1,"Espresso",0.596673537247823,60
"946468984",2,"Caramel Frappe",0.58774126150711,60
"946468984",3,"Nice Coffee",0.0435213853761653,5
"946778269",1,"Mocha",0.241461299714172,32
"946778269",2,"Cold Brew",0.222162200153153,32
"946778269",3,"Nice Coffee",0.185140677217731,28
"946890134",1,"Iced Mocha",0.32523353258903,24
"946890134",2,"Espresso",0.315031677539813,24
"946890134",3,"Cortado",0.287401977603084,23
"947108953",1,"tasty drink",0.634802507116044,34
"947108953",2,"Macchiato",0.629480467674044,33
"947108953",3,"Caramel Frappe",0.0427703012343976,3
"947112255",1,"Vanilla Cold Brew",0.308039558458162,35
"947112255",2,"Macchiato",0.238836246572646,29
"947112255",3,"Caramel Frappe",0.207817469357469,28
"947135391",1,"Espresso",0.677448723129884,48
"947135391",2,"Cortado",0.42264745721513,36
"947135391",3,"Flat White",0.0467051383430904,4
"947663633",1,"Mocha",0.353456785623242,26
"947663633",2,"tasty drink",0.183359064353285,18
"947663633",3,"Flat White",0.175511200901265,17
"947785387",1,"Macchiato",0.268086226587235,33
"947785387",2,"Cortado",0.238093588607438,32
"947785387",3,"Americano",0.218555801496121,30
"947969333",1,"Mocha",0.669541142866866,57
"947969333",2,"Iced Mocha",0.598389539016311,52
"947969333",3,"Cortado",0.0462800915316821,5
"948193218",1,"Vanilla Cold Brew",0.268587272854281,37
"948193218",2,"Cortado",0.22195515566975,33
"948193218",3,"Flat White",0.20874970172327,31
"948199537",1,"Irish Coffee",0.489481990080028,22
"948199537",2,"Caramel Frappe",0.372998236838949,19
"948199537",3,"Macchiato",0.044452902963912,2
"948668339",1,"Iced Mocha",0.300241909168107,29
"948668339",2,"Irish Coffee",0.267550884324236,28
"948668339",3,"Flat White",0.215021494054766,24
"948840994",1,"Americano",0.498121772129982,21
"948840994",2,"Nitro Brew",0.337387889612069,17
"948840994",3,"Mocha",0.16061083473701,11
"949101812",1,"Cortado",0.314511155836417,35
"949101812",2,"Mocha",0.230030882697865,29
"949101812",3,"Vanilla Cold Brew",0.201171936281648,27
"949385195",1,"tasty drink",0.51925569851905,32
"949385195",2,"Nice Coffee",0.278890559241689,23
"949385195",3,"Vanilla Cold Brew",0.243916752796677,21
"949609054",1,"Iced Mocha",0.302766551964351,33
"949609054",2,"Nitro Brew",0.220192831507388,28
"949609054",3,"tasty drink",0.180794937140519,25
"949945150",1,"tasty drink",0.523077213036067,27
"949945150",2,"Nitro Brew",0.397969860132624,23
"949945150",3,"Cortado",0.148679055066777,13
"950106013",1,"Affogato",0.727349760435693,41
"950106013",2,"Mocha",0.353456785623242,26
"950106013",3,"Espresso",0.0391867031375496,2
"950168264",1,"Nitro Brew",0.313419297284015,44
"950168264",2,"Nice Coffee",0.254932489145585,40
"950168264",3,"Caramel Frappe",0.248972597381059,39
"950477742",1,"tasty drink",0.710248759814034,60
"950477742",2,"Nitro Brew",0.532766069812713,49
"950477742",3,"Flat White",0.0485233150428588,5
"950502136",1,"Cold Brew",0.402696752333092,50
"950502136",2,"Irish Coffee",0.350666059098046,45
"950502136",3,"tasty drink",0.21654346314044,34
"950546385",1,"Cortado",0.339725291206783,35
"950546385",2,"Espresso",0.293721009801982,32
"950546385",3,"Flat White",0.252911381382069,29
"950643870",1,"Vanilla Cold Brew",0.56364563303158,51
"950643870",2,"Cortado",0.546804751805049,50
"950643870",3,"Mocha",0.0504132251884265,6
"950831043",1,"Espresso",0.338325802099251,21
"950831043",2,"Macchiato",0.296152043535587,19
"950831043",3,"Flat White",0.237064381596174,17
"950987410",1,"Caramel Frappe",0.34981906633131,29
"950987410",2,"Macchiato",0.329797315524113,27
"950987410",3,"Irish Coffee",0.250253071885626,24
"951970837",1,"Americano",0.669596925150385,29
"951970837",2,"Macchiato",0.373586135490801,20
"951970837",3,"Nitro Brew",0.0465527940711546,3
"952101056",1,"Vanilla Cold Brew",0.581615068154383,37
"952101056",2,"Cold Brew",0.535181595950948,36
"952101056",3,"Mocha",0.0471934639278165,4
"952168966",1,"Caramel Frappe",0.323887499731055,45
"952168966",2,"Nitro Brew",0.31783333606961,44
"952168966",3,"Iced Mocha",0.257178508698134,38
"952334540",1,"Caramel Frappe",0.252076320691551,33
"952334540",2,"Vanilla Cold Brew",0.216725978942163,30
"952334540",3,"Irish Coffee",0.162742930100659,25
"952752377",1,"Americano",0.388061427808645,20
"952752377",2,"tasty drink",0.380317980422031,20
"952752377",3,"Nitro Brew",0.159578655822809,12
"952773159",1,"Cold Brew",0.639321132575405,52
"952773159",2,"Vanilla Cold Brew",0.450311435988319,41
"952773159",3,"Irish Coffee",0.0504626194922215,6
"953191535",1,"tasty drink",0.250526448667486,20
"953191535",2,"Nitro Brew",0.232650450194006,19
"953191535",3,"Mocha",0.159644547216393,15
"953455870",1,"Espresso",0.384918177764154,36
"953455870",2,"Cortado",0.22830966744865,27
"953455870",3,"Flat White",0.209169312610656,25
"953507489",1,"Affogato",0.6522644300679,46
"953507489",2,"Cold Brew",0.573099586526622,43
"953507489",3,"Iced Mocha",0.0477914454122075,4
"953805532",1,"Nitro Brew",0.356947334614655,47
"953805532",2,"Affogato",0.297877064776719,43
"953805532",3,"tasty drink",0.288916926542724,42
"954099326",1,"Irish Coffee",0.318704342157724,32
"954099326",2,"Affogato",0.219143680948988,26
"954099326",3,"Flat White",0.190129517116739,23
"954250344",1,"Americano",0.238095569078761,31
"954250344",2,"Irish Coffee",0.23195282695594,31
"954250344",3,"Mocha",0.189269412229553,27
"954411953",1,"Flat White",0.424916551470044,39
"954411953",2,"Affogato",0.335160346744861,35
"954411953",3,"Americano",0.263603933767959,30
"954468633",1,"Cold Brew",0.404401824788466,24
"954468633",2,"Mocha",0.367730232559525,22
"954468633",3,"Americano",0.233067648851585,17
"954619335",1,"Espresso",0.689753101739225,73
"954619335",2,"Affogato",0.491887416355565,59
"954619335",3,"Iced Mocha",0.0505240581497135,6
"955890766",1,"Iced Mocha",0.377090547151709,33
"955890766",2,"Cold Brew",0.340731119201236,33
"955890766",3,"Espresso",0.210268067315807,24
"956020613",1,"Cold Brew",0.360318809104816,41
"956020613",2,"Americano",0.354827372949345,39
"956020613",3,"Vanilla Cold Brew",0.316507503354814,37
"956344519",1,"Mocha",0.305880484895646,18
"956344519",2,"Nitro Brew",0.24696234668459,16
"956344519",3,"tasty drink",0.217385611870898,15
"956496201",1,"Americano",0.257128501525798,39
"956496201",2,"Iced Mocha",0.203034936794864,33
"956496201",3,"Espresso",0.195555303389582,33
"957242616",1,"Irish Coffee",0.25152674942826,40
"957242616",2,"Macchiato",0.227971217915109,36
"957242616",3,"Mocha",0.163915719462969,30
"957276557",1,"Vanilla Cold Brew",0.352509686833658,31
"957276557",2,"Espresso",0.244571162732213,25
"957276557",3,"tasty drink",0.223557298763721,24
"957551594",1,"Vanilla Cold Brew",0.294380439510538,32
"957551594",2,"Americano",0.268650992272778,30
"957551594",3,"Affogato",0.156947325975638,22
"957934299",1,"Flat White",0.326910849894392,25
"957934299",2,"Nitro Brew",0.274864653100299,23
"957934299",3,"Cortado",0.164618536967751,17
"957986515",1,"Americano",0.46698900444827,26
"957986515",2,"Nitro Brew",0.314738888695122,21
"957986515",3,"Macchiato",0.229710263885789,17
"958116670",1,"Flat White",0.626130709888994,40
"958116670",2,"Vanilla Cold Brew",0.445660696977436,33
"958116670",3,"Mocha",0.0511520355031163,5
"958178682",1,"Mocha",0.405289235284833,43
"958178682",2,"Cold Brew",0.287592497629933,37
"958178682",3,"Irish Coffee",0.160531973122037,25
"958199211",1,"Macchiato",0.227112593899116,34
"958199211",2,"Caramel Frappe",0.219248316651611,35
"958199211",3,"Vanilla Cold Brew",0.211234601097559,34
"958258264",1,"Caramel Frappe",0.488611281707129,46
"958258264",2,"Macchiato",0.355048236403827,37
"958258264",3,"Mocha",0.248650487417828,31
"958667035",1,"Affogato",0.687862749024799,38
"958667035",2,"Macchiato",0.364889647352227,25
"958667035",3,"Flat White",0.0404171997673341,2
"959251188",1,"Espresso",0.68749598945051,37
"959251188",2,"Macchiato",0.571480225302608,32
"959251188",3,"Iced Mocha",0.0512159786348641,4
"959491122",1,"Caramel Frappe",0.275002332058762,24
"959491122",2,"Cortado",0.171744935210576,18
"959491122",3,"tasty drink",0.170996424570691,18
"959667685",1,"Macchiato",0.325832944373116,43
"959667685",2,"Cold Brew",0.275772380059688,42
"959667685",3,"Iced Mocha",0.228010636731201,35
"959805178",1,"Irish Coffee",0.349387499373997,43
"959805178",2,"Mocha",0.340632451722377,42
"959805178",3,"Caramel Frappe",0.278812608307548,38
"959911470",1,"Nitro Brew",0.641864305599742,37
"959911470",2,"Iced Mocha",0.577360057035926,34
"959911470",3,"Macchiato",0.0464034399849714,3
"959988144",1,"Cortado",0.60056792213143,59
"959988144",2,"Espresso",0.260913130653975,36
"959988144",3,"Americano",0.238136948746656,34
"959995026",1,"Mocha",0.545118506680081,41
"959995026",2,"Americano",0.460395524221493,37
"959995026",3,"Nice Coffee",0.0550233667661082,7
"960529679",1,"Americano",0.310394240804161,39
"960529679",2,"tasty drink",0.239238949496248,34
"960529679",3,"Caramel Frappe",0.237347326293502,34
"960557040",1,"Mocha",0.550016990572312,35
"960557040",2,"Nice Coffee",0.432232537506155,31
"960557040",3,"Nitro Brew",0.0472371641983195,4
"960562485",1,"Espresso",0.677232536044076,39
"960562485",2,"Cortado",0.466900296978157,31
"960562485",3,"Iced Mocha",0.0453146776150854,3
"960929647",1,"Affogato",0.549794006010294,29
"960929647",2,"Americano",0.530229395436365,28
"960929647",3,"Mocha",0.0450369844998498,3
"960981231",1,"Cortado",0.460780285666108,35
"960981231",2,"Iced Mocha",0.302617880057768,27
"960981231",3,"Americano",0.192328726874806,21
"961002735",1,"Cold Brew",0.468040152287805,59
"961002735",2,"Flat White",0.379466549514215,50
"961002735",3,"Nice Coffee",0.27388535615282,43
"961140376",1,"tasty drink",0.418752615143948,48
"961140376",2,"Irish Coffee",0.373013607165703,45
"961140376",3,"Cold Brew",0.298206468814727,41
"961196706",1,"Affogato",0.516936361338021,54
"961196706",2,"Vanilla Cold Brew",0.335779485621232,42
"961196706",3,"Nice Coffee",0.273566503981854,38
"961335545",1,"Mocha",0.5829026153692,56
"961335545",2,"Americano",0.520101547838455,52
"961335545",3,"Espresso",0.0437497339757366,4
"961385847",1,"Nitro Brew",0.408371789376695,39
"961385847",2,"Iced Mocha",0.297860371034707,32
"961385847",3,"Cortado",0.212243562941829,27
"961407440",1,"Iced Mocha",0.594229824126088,57
"961407440",2,"Mocha",0.534483506281719,54
"961407440",3,"Americano",0.0496923087705526,6
"961536717",1,"Caramel Frappe",0.529081826509423,34
"961536717",2,"Iced Mocha",0.523842015196527,33
"961536717",3,"Flat White",0.0490490523995622,4
"961920550",1,"Flat White",0.355934871842959,29
"961920550",2,"Cold Brew",0.264955716443519,26
"961920550",3,"Iced Mocha",0.223425071483646,22
"961956500",1,"Nice Coffee",0.31555709343645,36
"961956500",2,"Vanilla Cold Brew",0.209880463863687,28
"961956500",3,"Affogato",0.173052236868582,25
"962227199",1,"tasty drink",0.319259206538592,29
"962227199",2,"Nice Coffee",0.25546036013918,26
"962227199",3,"Americano",0.202925158442498,22
"963035211",1,"Vanilla Cold Brew",0.528181743328989,48
"963035211",2,"tasty drink",0.49121563123217,46
"963035211",3,"Macchiato",0.044039680652565,3
"963121477",1,"Cold Brew",0.580364242377125,51
"963121477",2,"Cortado",0.547473928705364,48
"963121477",3,"Flat White",0.0455856123986265,4
"963283709",1,"Cold Brew",0.813830677630966,70
"963283709",2,"Vanilla Cold Brew",0.484182616979529,47
"963283709",3,"Americano",0.0474144903708414,5
"963401206",1,"Americano",0.374456873364923,39
"963401206",2,"Espresso",0.339565429473378,37
"963401206",3,"Irish Coffee",0.301711884291008,35
"963766628",1,"Flat White",0.289571777272764,23
"963766628",2,"Affogato",0.27536506475509,23
"963766628",3,"Espresso",0.156603681681536,16
"963992760",1,"Vanilla Cold Brew",0.364940975918632,25
"963992760",2,"Nice Coffee",0.258143259157865,21
"963992760",3,"Flat White",0.253553169146316,20
"964148754",1,"Vanilla Cold Brew",0.348578567893761,32
"964148754",2,"tasty drink",0.273674673633929,28
"964148754",3,"Irish Coffee",0.182343973181602,22
"964395532",1,"Caramel Frappe",0.298674499523285,18
"964395532",2,"Macchiato",0.208826253044745,14
"964395532",3,"Cortado",0.134774036037026,11
"964496076",1,"Flat White",0.445583351857273,32
"964496076",2,"Mocha",0.280751692471528,25
"964496076",3,"Americano",0.209721598532821,21
"964561191",1,"Nice Coffee",0.392547801863,41
"964561191",2,"Vanilla Cold Brew",0.384415467469091,40
"964561191",3,"Cortado",0.258968611443961,32
"964920799",1,"Nitro Brew",0.646294009980373,59
"964920799",2,"Cortado",0.479173607028663,49
"964920799",3,"Iced Mocha",0.045834350029368,4
"965133300",1,"Nice Coffee",0.329137331444841,33
"965133300",2,"Mocha",0.32419738707191,32
"965133300",3,"Iced Mocha",0.234679527879049,26
"965149958",1,"Macchiato",0.628343856601221,29
"965149958",2,"Mocha",0.445897565161787,24
"965149958",3,"tasty drink",0.0508829893835759,4
"965388634",1,"Affogato",0.44436727962507,49
"965388634",2,"Nitro Brew",0.374991771406108,44
"965388634",3,"Mocha",0.176539694904632,28
"965596350",1,"Espresso",0.349453090329492,29
"965596350",2,"Vanilla Cold Brew",0.302012642931926,27
"965596350",3,"tasty drink",0.262777608792333,25
"965625517",1,"Iced Mocha",0.643246366740699,69
"965625517",2,"Irish Coffee",0.599342713294776,67
"965625517",3,"Macchiato",0.0438997229881402,3
"965629268",1,"Cortado",0.349795335799205,34
"965629268",2,"Mocha",0.251124937026647,28
"965629268",3,"Irish Coffee",0.217290758461021,26
"965682626",1,"Americano",0.657966702657575,55
"965682626",2,"Caramel Frappe",0.416438702139259,42
"965682626",3,"Irish Coffee",0.0494982168001555,6
"965783806",1,"Espresso",0.490304191715692,47
"965783806",2,"Americano",0.293070499123813,35
"965783806",3,"Nitro Brew",0.262232026066531,33
"965910756",1,"Nice Coffee",0.630668167120406,65
"965910756",2,"tasty drink",0.387866257180595,48
"965910756",3,"Espresso",0.0460862610124394,5
"966431351",1,"tasty drink",0.26111224980112,17
"966431351",2,"Irish Coffee",0.260834979713177,17
"966431351",3,"Vanilla Cold Brew",0.210191807159591,15
"966629388",1,"Espresso",0.298534928034571,42
"966629388",2,"Cold Brew",0.241921355029359,39
"966629388",3,"tasty drink",0.196110394555255,33
"966797703",1,"Flat White",0.3418862021051,39
"966797703",2,"Iced Mocha",0.188719288918423,27
"966797703",3,"Macchiato",0.153047095755301,23
"966949781",1,"Cortado",0.488298890983964,57
"966949781",2,"Americano",0.381712929502783,49
"966949781",3,"Flat White",0.284349756960517,41
"966975380",1,"Nitro Brew",0.312041173543283,31
"966975380",2,"Iced Mocha",0.254844390015911,27
"966975380",3,"Flat White",0.206993731357533,24
"967337891",1,"Iced Mocha",0.30811356053585,44
"967337891",2,"Caramel Frappe",0.268019790442398,42
"967337891",3,"Espresso",0.204359537028855,35
"967631581",1,"Irish Coffee",0.601462186253975,30
"967631581",2,"tasty drink",0.538629402929483,28
"967631581",3,"Vanilla Cold Brew",0.0566739851790427,5
"967634397",1,"Espresso",0.257634799585787,16
"967634397",2,"Nitro Brew",0.256412209724257,16
"967634397",3,"Affogato",0.198078905974435,14
"967702031",1,"Affogato",0.23091718015131,24
"967702031",2,"Mocha",0.221408841228179,23
"967702031",3,"Cold Brew",0.188600449581335,22
"967772049",1,"Nitro Brew",0.217834612179009,13
"967772049",2,"tasty drink",0.187504639814889,12
"967772049",3,"Caramel Frappe",0.185922102602406,12
"967854710",1,"Cold Brew",0.261166015105537,31
"967854710",2,"Flat White",0.25764972208604,29
"967854710",3,"Mocha",0.237143810790631,28
"968011418",1,"Iced Mocha",0.4434281643787,51
"968011418",2,"Cold Brew",0.404829384675992,51
"968011418",3,"Macchiato",0.216764749141925,33
"968277389",1,"tasty drink",0.467441929004152,47
"968277389",2,"Nice Coffee",0.390815559389001,43
"968277389",3,"Espresso",0.241978196841145,32
"968812137",1,"Americano",0.595883018394812,29
"968812137",2,"Mocha",0.593717733020159,29
"968812137",3,"Flat White",0.0469096324627142,3
"969020451",1,"tasty drink",0.508085869653901,24
"969020451",2,"Nice Coffee",0.357090807125758,20
"969020451",3,"Iced Mocha",0.20530718406916,14
"969195194",1,"Irish Coffee",0.356833928469114,40
"969195194",2,"Iced Mocha",0.326508914317686,37
"969195194",3,"tasty drink",0.325735134270859,38
"969286198",1,"Americano",0.349904812095405,36
"969286198",2,"tasty drink",0.342496608797206,36
"969286198",3,"Cold Brew",0.275737938157405,33
"969401199",1,"Espresso",0.4173246151578,32
"969401199",2,"Macchiato",0.410633035568163,31
"969401199",3,"Nice Coffee",0.3141974727202,28
"969427400",1,"Cortado",0.369313301208979,47
"969427400",2,"Irish Coffee",0.276597308111089,40
"969427400",3,"Mocha",0.246750611011352,37
"969686067",1,"Mocha",0.267426830173251,33
"969686067",2,"Nitro Brew",0.226965112032705,30
"969686067",3,"Nice Coffee",0.193851462698844,28
"969735865",1,"Cortado",0.418222786481555,50
"969735865",2,"Macchiato",0.353587747210809,44
"969735865",3,"Espresso",0.324736649702395,43
"969849800",1,"Cold Brew",0.459053420833272,33
"969849800",2,"Cortado",0.358305657730004,28
"969849800",3,"Espresso",0.201802646083224,20
"969961498",1,"Americano",0.758335277023466,79
"969961498",2,"Cold Brew",0.378284076800324,52
"969961498",3,"Iced Mocha",0.0429967172679058,3
"970291817",1,"Nitro Brew",0.350418298042318,19
"970291817",2,"Caramel Frappe",0.198830577699097,14
"970291817",3,"Macchiato",0.191934625298602,13
"970532325",1,"Macchiato",0.410409635774693,50
"970532325",2,"Affogato",0.330978993934238,46
"970532325",3,"Caramel Frappe",0.271234808997641,41
"970549373",1,"Caramel Frappe",0.436611675293023,40
"970549373",2,"Affogato",0.30736998322237,33
"970549373",3,"Flat White",0.242836525260622,28
"970597444",1,"Irish Coffee",0.33696197530456,33
"970597444",2,"Americano",0.308224165402864,31
"970597444",3,"Affogato",0.248818603179726,28
"970768130",1,"Americano",0.350986776657247,23
"970768130",2,"Macchiato",0.261007185226153,19
"970768130",3,"Flat White",0.190495506564311,16
"971070189",1,"Macchiato",0.291703967509224,31
"971070189",2,"Espresso",0.182157541915831,24
"971070189",3,"Cortado",0.167821589474526,23
"971231190",1,"Iced Mocha",0.326446714234455,42
"971231190",2,"tasty drink",0.297597282348203,41
"971231190",3,"Nitro Brew",0.289127736675107,40
"971275585",1,"Iced Mocha",0.255686346193813,33
"971275585",2,"Macchiato",0.200032305435236,28
"971275585",3,"Flat White",0.183350113571393,27
"971411378",1,"Caramel Frappe",0.212428385195818,21
"971411378",2,"Nitro Brew",0.20077334879211,20
"971411378",3,"Americano",0.157889624659261,17
"971594457",1,"Irish Coffee",0.34215058594354,47
"971594457",2,"Iced Mocha",0.320612171514639,44
"971594457",3,"Mocha",0.285896164571013,42
"972014395",1,"Americano",0.569032693671379,26
"972014395",2,"Affogato",0.521788466122287,25
"972014395",3,"Iced Mocha",0.0560727274405637,4
"972122457",1,"Mocha",0.58913536678718,36
"972122457",2,"Macchiato",0.580941398838392,35
"972122457",3,"Nitro Brew",0.0524234762013971,5
"972523073",1,"Irish Coffee",0.329325307667664,36
"972523073",2,"Iced Mocha",0.238950765636271,29
"972523073",3,"Americano",0.231625978750517,29
"972589932",1,"Cold Brew",0.24208423800461,32
"972589932",2,"Irish Coffee",0.218073180949127,29
"972589932",3,"Iced Mocha",0.183337441812402,25
"972962895",1,"Americano",0.498190836596661,25
"972962895",2,"Affogato",0.322990495677003,20
"972962895",3,"Macchiato",0.288225378656483,18
"973100462",1,"Iced Mocha",0.278204300802032,23
"973100462",2,"Nitro Brew",0.193692143370741,19
"973100462",3,"Flat White",0.182980399614821,18
"973561576",1,"tasty drink",0.306350871759577,36
"973561576",2,"Flat White",0.233127755857649,30
"973561576",3,"Mocha",0.203467010860875,28
"973698420",1,"Cold Brew",0.208808792994474,27
"973698420",2,"Affogato",0.194284090896834,25
"973698420",3,"Espresso",0.154421041085985,21
"974245343",1,"Macchiato",0.755788365262946,67
"974245343",2,"Nitro Brew",0.467659470317332,49
"974245343",3,"Iced Mocha",0.0487139595148741,5
"974646194",1,"Macchiato",0.395710336977455,43
"974646194",2,"Caramel Frappe",0.370827406384835,43
"974646194",3,"Vanilla Cold Brew",0.32837051877131,40
"974672520",1,"Flat White",0.452394439126306,44
"974672520",2,"Iced Mocha",0.370618584157862,39
"974672520",3,"Macchiato",0.253618332068795,31
"974709513",1,"Macchiato",0.620831777374042,60
"974709513",2,"Caramel Frappe",0.595748768860146,60
"974709513",3,"Iced Mocha",0.0429357183390627,3
"974894729",1,"Vanilla Cold Brew",0.638692411137928,48
"974894729",2,"Nitro Brew",0.603974432116127,46
"974894729",3,"Americano",0.0419347054790458,3
"975140950",1,"Iced Mocha",0.622721434706943,25
"975140950",2,"Mocha",0.495776545527158,22
"975140950",3,"Nice Coffee",0.05279067068811,4
"975181648",1,"Cold Brew",0.604897274629589,49
"975181648",2,"Caramel Frappe",0.387280754227091,37
"975181648",3,"Nitro Brew",0.0445648532606416,4
"975228535",1,"Mocha",0.685145357875292,58
"975228535",2,"Cortado",0.493385458603301,47
"975228535",3,"Nitro Brew",0.0502420160937532,6
"975504221",1,"Cortado",0.285039305378807,20
"975504221",2,"Americano",0.265262799232473,19
"975504221",3,"Mocha",0.217366855890244,17
"975790669",1,"Nice Coffee",0.687946531994124,45
"975790669",2,"Affogato",0.443268039500431,34
"975790669",3,"Flat White",0.0476945892541386,4
"975876924",1,"Affogato",0.31433996708013,36
"975876924",2,"Irish Coffee",0.205887976333776,28
"975876924",3,"Vanilla Cold Brew",0.162704929311499,24
"975998319",1,"Nitro Brew",0.313651793012106,24
"975998319",2,"Flat White",0.23353254437741,20
"975998319",3,"Americano",0.192977110407347,18
"975998330",1,"Cold Brew",0.574161827491935,37
"975998330",2,"Irish Coffee",0.54377645564132,35
"975998330",3,"tasty drink",0.0463378973594388,4
"976306502",1,"Flat White",0.429455309331095,21
"976306502",2,"Iced Mocha",0.362640342947574,19
"976306502",3,"Irish Coffee",0.252315210639287,16
"976669607",1,"Vanilla Cold Brew",0.330530966021733,42
"976669607",2,"Irish Coffee",0.276360394233804,38
"976669607",3,"Affogato",0.215358286740704,33
"977631755",1,"Iced Mocha",0.380784435831546,49
"977631755",2,"Irish Coffee",0.288554773763984,43
"977631755",3,"Nice Coffee",0.281377172453917,43
"977853916",1,"Iced Mocha",0.304445926633313,31
"977853916",2,"tasty drink",0.257041093893633,29
"977853916",3,"Espresso",0.204511552935938,25
"977908907",1,"Nitro Brew",0.667937720609934,26
"977908907",2,"Caramel Frappe",0.547065945722197,23
"977908907",3,"Iced Mocha",0.0437905604857068,2
"978020910",1,"Affogato",0.619554207530499,33
"978020910",2,"Macchiato",0.499587491415572,28
"978020910",3,"Iced Mocha",0.0465423903340741,3
"978147397",1,"Macchiato",0.325194402769266,29
"978147397",2,"Americano",0.209300609225181,23
"978147397",3,"Mocha",0.193468174609674,22
"978159587",1,"Affogato",0.373043607536226,33
"978159587",2,"Irish Coffee",0.316384148400217,30
"978159587",3,"Flat White",0.27308832953397,27
"978387461",1,"Mocha",0.699477280662874,40
"978387461",2,"Macchiato",0.489254701345048,31
"978387461",3,"Flat White",0.0545192310066222,5
"978444607",1,"Flat White",0.586629377710117,50
"978444607",2,"Macchiato",0.486849114770976,44
"978444607",3,"Nitro Brew",0.0506736773282901,6
"978501420",1,"Irish Coffee",0.372665924651196,27
"978501420",2,"Cold Brew",0.305642578702583,25
"978501420",3,"tasty drink",0.2180236107324,20
"978654208",1,"Flat White",0.424916551470044,39
"978654208",2,"Mocha",0.361700491003575,36
"978654208",3,"Vanilla Cold Brew",0.272904732090156,31
"978915391",1,"Americano",0.663409628696234,27
"978915391",2,"Caramel Frappe",0.6537069498442,27
"978915391",3,"Macchiato",0.0442244921709129,2
"978967357",1,"Macchiato",0.331071064429175,21
"978967357",2,"Nice Coffee",0.329989011557855,22
"978967357",3,"Irish Coffee",0.19264530894574,16
"979226031",1,"tasty drink",0.509006994272476,46
"979226031",2,"Nitro Brew",0.301786987504064,34
"979226031",3,"Flat White",0.235605584008258,29
"979519112",1,"Cortado",0.287617238995201,19
"979519112",2,"Macchiato",0.25239498123931,17
"979519112",3,"Iced Mocha",0.224164094310031,16
"979782527",1,"Mocha",0.350780695774236,35
"979782527",2,"Flat White",0.322493046031783,33
"979782527",3,"Caramel Frappe",0.29179359936675,32
"979977486",1,"Caramel Frappe",0.315126673732921,40
"979977486",2,"Macchiato",0.232844244961442,32
"979977486",3,"Mocha",0.160505912134704,26
"980059652",1,"Americano",0.431209468472397,47
"980059652",2,"Espresso",0.323163565456804,40
"980059652",3,"Macchiato",0.256931169673954,34
"980134216",1,"Nitro Brew",0.268470774341936,15
"980134216",2,"Caramel Frappe",0.26250658381225,15
"980134216",3,"Iced Mocha",0.218137167227225,13
"980238316",1,"Espresso",0.600968971650184,32
"980238316",2,"Cortado",0.282860524366597,21
"980238316",3,"Iced Mocha",0.0415031330918307,2
"980439867",1,"Nitro Brew",0.219969793740495,19
"980439867",2,"Americano",0.168739201029648,16
"980439867",3,"Iced Mocha",0.158737999034775,15
"980658723",1,"Nitro Brew",0.636110617678133,65
"980658723",2,"Espresso",0.595108816501795,62
"980658723",3,"Macchiato",0.0438303313469503,3
"980823176",1,"Vanilla Cold Brew",0.297372557500608,19
"980823176",2,"Iced Mocha",0.283848337612218,18
"980823176",3,"Caramel Frappe",0.194616885560568,15
"981110496",1,"Flat White",0.257040187177352,28
"981110496",2,"Vanilla Cold Brew",0.217886877217732,26
"981110496",3,"Affogato",0.164836561576441,22
"981203615",1,"Espresso",0.393987420997047,50
"981203615",2,"Affogato",0.281865720613891,42
"981203615",3,"Mocha",0.266575935325598,40
"981259135",1,"Americano",0.300844758471984,39
"981259135",2,"Iced Mocha",0.257638245362026,35
"981259135",3,"Vanilla Cold Brew",0.232617930919084,34
"981729237",1,"Vanilla Cold Brew",0.382724070160081,46
"981729237",2,"Nitro Brew",0.372236259940492,45
"981729237",3,"Americano",0.304971045898858,40
"981891508",1,"Irish Coffee",0.285811379948392,28
"981891508",2,"Macchiato",0.177190323457134,20
"981891508",3,"Cortado",0.164501975417904,20
"981893982",1,"Caramel Frappe",0.559946505221477,52
"981893982",2,"Mocha",0.446619332271551,45
"981893982",3,"Espresso",0.0440107488646253,4
"981947921",1,"Caramel Frappe",0.42709911309259,50
"981947921",2,"Irish Coffee",0.370273758935178,46
"981947921",3,"Cold Brew",0.215566623131865,35
"982029307",1,"Affogato",0.622964544469552,63
"982029307",2,"Mocha",0.527463927918195,56
"982029307",3,"Macchiato",0.0464775473902344,4
"982070937",1,"Macchiato",0.375039546701913,44
"982070937",2,"Caramel Frappe",0.350702077526955,44
"982070937",3,"Cortado",0.312498892904372,41
"982109613",1,"Iced Mocha",0.662491777290674,57
"982109613",2,"Cold Brew",0.576038275718353,54
"982109613",3,"Macchiato",0.0439429650780759,3
"982160068",1,"Nice Coffee",0.663994240375207,51
"982160068",2,"Affogato",0.554142500160325,45
"982160068",3,"Cortado",0.0475572782106376,5
"982374753",1,"Affogato",0.504299701509322,24
"982374753",2,"Iced Mocha",0.417758403512476,21
"982374753",3,"Caramel Frappe",0.15069503487593,12
"982381952",1,"Mocha",0.43596539103009,26
"982381952",2,"tasty drink",0.400509064442415,25
"982381952",3,"Americano",0.206365138032659,17
"982769008",1,"Flat White",0.424916551470044,39
"982769008",2,"Affogato",0.269502972317263,31
"982769008",3,"tasty drink",0.189953545493612,25
"982825679",1,"Cortado",0.383184975459563,32
"982825679",2,"Iced Mocha",0.241679202658756,24
"982825679",3,"Americano",0.202925158442498,22
"982890984",1,"Nice Coffee",0.295756605892451,23
"982890984",2,"Americano",0.24241124365088,20
"982890984",3,"Vanilla Cold Brew",0.216879836011761,19
"983074216",1,"Nitro Brew",0.403403584534023,40
"983074216",2,"Macchiato",0.385620749446214,38
"983074216",3,"Vanilla Cold Brew",0.239533995015836,30
"983286096",1,"Iced Mocha",0.288265162104633,16
"983286096",2,"Mocha",0.247940725646799,15
"983286096",3,"Affogato",0.213387940933588,14
"983487621",1,"Caramel Frappe",0.690662634716413,69
"983487621",2,"Mocha",0.497691636319958,55
"983487621",3,"Iced Mocha",0.0481914568586303,5
"983525272",1,"Affogato",0.655448730056857,67
"983525272",2,"Irish Coffee",0.469452620919888,54
"983525272",3,"Flat White",0.0446768631892092,4
"983665549",1,"Flat White",0.308218748774667,44
"983665549",2,"Espresso",0.267748776831337,41
"983665549",3,"Affogato",0.228462965995496,38
"983715012",1,"Mocha",0.688462659069472,60
"983715012",2,"Cold Brew",0.649152330683796,59
"983715012",3,"Iced Mocha",0.0459740053592516,4
"983717007",1,"Mocha",0.597425177168287,28
"983717007",2,"Iced Mocha",0.474144551757135,24
"983717007",3,"Vanilla Cold Brew",0.0451452104060949,3
"983863413",1,"Iced Mocha",0.669547795314794,54
"983863413",2,"Nice Coffee",0.499841783059791,46
"983863413",3,"Espresso",0.0476379956531871,5
"983897088",1,"Mocha",0.365344090745892,24
"983897088",2,"Iced Mocha",0.322506014272819,22
"983897088",3,"Cold Brew",0.26497543654993,21
"984102271",1,"Americano",0.283205484503146,37
"984102271",2,"Cortado",0.277664552768895,37
"984102271",3,"Vanilla Cold Brew",0.251689329341855,35
"984252324",1,"Irish Coffee",0.404674429747093,30
"984252324",2,"Mocha",0.36256457541377,28
"984252324",3,"Americano",0.256586160209496,23
"984386123",1,"Caramel Frappe",0.702021607300435,51
"984386123",2,"Vanilla Cold Brew",0.424272808976633,37
"984386123",3,"Flat White",0.0503373529640238,5
"984430642",1,"Mocha",0.372354827120166,39
"984430642",2,"Macchiato",0.322382201928516,35
"984430642",3,"Espresso",0.26307620567921,32
"984660688",1,"Iced Mocha",0.450655458427466,27
"984660688",2,"Americano",0.356170599926428,24
"984660688",3,"tasty drink",0.273280165123541,21
"984801233",1,"Mocha",0.280751692471528,25
"984801233",2,"Flat White",0.230469281197371,22
"984801233",3,"Cortado",0.205206788088507,21
"984825240",1,"Americano",0.350855692641621,29
"984825240",2,"Mocha",0.34881225677748,29
"984825240",3,"Irish Coffee",0.301275023001567,27
"985099723",1,"Macchiato",0.707028686274281,47
"985099723",2,"Vanilla Cold Brew",0.68744136394759,47
"985099723",3,"Cortado",0.0449117777204386,4
"985146293",1,"Nice Coffee",0.565244457280651,49
"985146293",2,"Iced Mocha",0.461236211456832,42
"985146293",3,"Vanilla Cold Brew",0.0466489770525032,5
"985427317",1,"Caramel Frappe",0.525056712418219,45
"985427317",2,"Vanilla Cold Brew",0.508685186755122,44
"985427317",3,"Mocha",0.0516830936464458,6
"985633013",1,"Irish Coffee",0.563700957320182,25
"985633013",2,"Affogato",0.523313104524412,24
"985633013",3,"Cold Brew",0.0427494734285771,3
"985764804",1,"Flat White",0.744341118155107,34
"985764804",2,"Cortado",0.491507842459908,26
"985764804",3,"Espresso",0.0402525753487492,2
"985776373",1,"Americano",0.29327614330692,19
"985776373",2,"Nice Coffee",0.184534906536712,15
"985776373",3,"Nitro Brew",0.138019161288525,12
"985906869",1,"Nitro Brew",0.610840293797655,48
"985906869",2,"Nice Coffee",0.47865125343002,42
"985906869",3,"Flat White",0.0497121055154723,5
"986211608",1,"Americano",0.484056523565939,28
"986211608",2,"Nitro Brew",0.28589134508014,21
"986211608",3,"Vanilla Cold Brew",0.215324955721153,18
"986397676",1,"Vanilla Cold Brew",0.27712568276017,35
"986397676",2,"Iced Mocha",0.263901628471776,33
"986397676",3,"Caramel Frappe",0.211275425275277,30
"986726461",1,"Cold Brew",0.606575872699449,44
"986726461",2,"Cortado",0.56325729512711,41
"986726461",3,"Espresso",0.0458341408769671,4
"986863404",1,"Macchiato",0.340316880674483,35
"986863404",2,"tasty drink",0.192235443923251,26
"986863404",3,"Flat White",0.189077959094116,25
"986911446",1,"Espresso",0.777051460054746,39
"986911446",2,"Cortado",0.537051182230792,30
"986911446",3,"Macchiato",0.0423641923185939,2
"987058874",1,"Americano",0.634217108150587,44
"987058874",2,"Caramel Frappe",0.404247086927944,34
"987058874",3,"Macchiato",0.0489159588536641,4
"987061479",1,"Nice Coffee",0.630963681043056,33
"987061479",2,"Espresso",0.436658973777436,26
"987061479",3,"Flat White",0.0459403369904029,3
"987267850",1,"Americano",0.431784578224344,33
"987267850",2,"Nice Coffee",0.286749864358828,27
"987267850",3,"Caramel Frappe",0.272986847046575,26
"987669750",1,"Affogato",0.404745254243352,49
"987669750",2,"Flat White",0.32239552680213,42
"987669750",3,"Espresso",0.290445386679458,40
"987736262",1,"Cortado",0.482892444038043,45
"987736262",2,"Irish Coffee",0.46283633398608,44
"987736262",3,"Macchiato",0.0440691685474636,3
"988201440",1,"Espresso",0.604270868851245,53
"988201440",2,"Mocha",0.533657662542416,49
"988201440",3,"Cortado",0.0530084328126487,7
"988634827",1,"Flat White",0.698245608386787,62
"988634827",2,"Espresso",0.584358386112813,55
"988634827",3,"Caramel Frappe",0.0451078144515782,5
"988971743",1,"Cortado",0.36677492981049,20
"988971743",2,"Macchiato",0.353795638497929,19
"988971743",3,"Mocha",0.305880484895646,18
"988990506",1,"Iced Mocha",0.277660110588888,24
"988990506",2,"Flat White",0.235960482866938,22
"988990506",3,"Affogato",0.206648489599774,21
"988999206",1,"Vanilla Cold Brew",0.42427692633461,33
"988999206",2,"Caramel Frappe",0.375941570322499,31
"988999206",3,"Flat White",0.267237678625295,25
"989036966",1,"Affogato",0.289555632479169,44
"989036966",2,"Nitro Brew",0.241968192967235,39
"989036966",3,"Nice Coffee",0.231698010158686,39
"989133014",1,"Affogato",0.569946384893432,62
"989133014",2,"Vanilla Cold Brew",0.54514680170736,60
"989133014",3,"Macchiato",0.0438410575662475,3
"989134873",1,"Nitro Brew",0.60799921761602,44
"989134873",2,"Caramel Frappe",0.428229635617525,36
"989134873",3,"Macchiato",0.0411805165038361,2
"989193333",1,"Iced Mocha",0.426697070770969,41
"989193333",2,"Mocha",0.396803963889801,40
"989193333",3,"Macchiato",0.266677978264239,31
"989268452",1,"tasty drink",0.750651312294528,32
"989268452",2,"Affogato",0.415506397103421,22
"989268452",3,"Iced Mocha",0.042736001771323,2
"989520597",1,"Nice Coffee",0.375238517513849,27
"989520597",2,"Affogato",0.32995864608018,25
"989520597",3,"Cortado",0.265402249831861,22
"989680504",1,"Espresso",0.638452021597412,31
"989680504",2,"Iced Mocha",0.58840006229928,29
"989680504",3,"tasty drink",0.0442630132520798,3
"990022258",1,"Mocha",0.404099596704707,52
"990022258",2,"Flat White",0.384612674789793,50
"990022258",3,"Irish Coffee",0.345421485044204,48
"990233330",1,"Cortado",0.597068485759933,27
"990233330",2,"Affogato",0.207348838933368,15
"990233330",3,"tasty drink",0.166384412847682,13
"990267122",1,"Affogato",0.483171474084049,41
"990267122",2,"Flat White",0.459848317772601,39
"990267122",3,"Americano",0.0418814360663903,3
"990535106",1,"Caramel Frappe",0.247257150368818,32
"990535106",2,"Vanilla Cold Brew",0.199975557755554,28
"990535106",3,"Americano",0.182634494273728,26
"990563579",1,"Irish Coffee",0.649628535249682,31
"990563579",2,"Cold Brew",0.599299612062233,30
"990563579",3,"Flat White",0.0469096324627142,3
"990852623",1,"Nice Coffee",0.355939652017052,44
"990852623",2,"Iced Mocha",0.351881115904468,42
"990852623",3,"Irish Coffee",0.334998976965442,42
"991286864",1,"Espresso",0.362538257467374,30
"991286864",2,"Vanilla Cold Brew",0.206655579861297,22
"991286864",3,"Irish Coffee",0.163511167233882,19
"991644298",1,"Espresso",0.229244845731892,14
"991644298",2,"Irish Coffee",0.224334306686822,14
"991644298",3,"Caramel Frappe",0.222774881467416,14
"991804602",1,"Affogato",0.697008397868636,34
"991804602",2,"Cortado",0.491739509183693,27
"991804602",3,"Espresso",0.0451584283451373,3
"992304487",1,"Affogato",0.400369606641696,42
"992304487",2,"Flat White",0.34990479540534,38
"992304487",3,"Caramel Frappe",0.197985526407673,28
"992405066",1,"Americano",0.596243298407127,46
"992405066",2,"Iced Mocha",0.525754660046726,42
"992405066",3,"Affogato",0.0467845855275597,5
"992423989",1,"Cortado",0.358662957233181,47
"992423989",2,"tasty drink",0.317976281319863,44
"992423989",3,"Nice Coffee",0.273607301216165,41
"992688322",1,"Flat White",0.668377212796493,33
"992688322",2,"Iced Mocha",0.61555604727411,31
"992688322",3,"Macchiato",0.0425866098977303,2
"992979370",1,"Espresso",0.478260976233513,23
"992979370",2,"Affogato",0.46786323732804,23
"992979370",3,"Cold Brew",0.12462517824506,11
"993240786",1,"Nitro Brew",0.634208237204171,43
"993240786",2,"Vanilla Cold Brew",0.608321196012652,42
"993240786",3,"Americano",0.0424846776159188,3
"993517915",1,"Mocha",0.637213782225744,55
"993517915",2,"Caramel Frappe",0.578079612402471,52
"993517915",3,"Irish Coffee",0.0459848794960673,5
"993890601",1,"Vanilla Cold Brew",0.67025640830652,55
"993890601",2,"Cold Brew",0.432318701915183,43
"993890601",3,"Cortado",0.0501147083700535,6
"994426338",1,"Cold Brew",0.31946114173919,22
"994426338",2,"Espresso",0.24019573875425,18
"994426338",3,"Irish Coffee",0.140292253222699,13
"994597104",1,"Flat White",0.730474413074343,27
"994597104",2,"Affogato",0.178159907626438,12
"994597104",3,"Espresso",0.0492367596204055,3
"994644676",1,"Irish Coffee",0.505139844707062,33
"994644676",2,"tasty drink",0.401905206359232,29
"994644676",3,"Vanilla Cold Brew",0.284981838175909,24
"994705205",1,"tasty drink",0.577725421352521,46
"994705205",2,"Affogato",0.433442878759446,39
"994705205",3,"Cortado",0.0513574658362516,6
"995161010",1,"Flat White",0.263102282722196,16
"995161010",2,"Iced Mocha",0.212527849150993,14
"995161010",3,"Macchiato",0.191934625298602,13
"995235919",1,"tasty drink",0.249205083202372,37
"995235919",2,"Macchiato",0.222341855524082,33
"995235919",3,"Flat White",0.215516430201797,33
"995728324",1,"Macchiato",0.270084049719147,17
"995728324",2,"Cortado",0.227295690913606,16
"995728324",3,"Flat White",0.189441313405448,14
"995822412",1,"Espresso",0.657176886176156,51
"995822412",2,"Flat White",0.433271623847132,39
"995822412",3,"Nitro Brew",0.0444774202471448,4
"995828117",1,"tasty drink",0.580345963683522,26
"995828117",2,"Iced Mocha",0.348910956924179,19
"995828117",3,"Espresso",0.120891009936295,10
"995963619",1,"Irish Coffee",0.750587432332449,40
"995963619",2,"Cortado",0.577387790910746,33
"995963619",3,"Americano",0.0396432589039439,2
"996094462",1,"Irish Coffee",0.345939597725623,42
"996094462",2,"Mocha",0.336948779423044,41
"996094462",3,"Cold Brew",0.272721879101263,38
"996274567",1,"Flat White",0.296270693481857,42
"996274567",2,"Macchiato",0.25794673356644,38
"996274567",3,"Nice Coffee",0.233579463635017,38
"996347724",1,"Americano",0.250888919715509,36
"996347724",2,"Flat White",0.232195682038577,34
"996347724",3,"Cortado",0.223455474652056,34
"996355513",1,"Iced Mocha",0.711058538171548,56
"996355513",2,"Flat White",0.494248090405455,44
"996355513",3,"Americano",0.0415863257003453,3
"996838849",1,"Caramel Frappe",0.331784988209631,27
"996838849",2,"Flat White",0.301924229278039,25
"996838849",3,"Iced Mocha",0.264428632912038,23
"996854901",1,"Mocha",0.250553097025201,27
"996854901",2,"Cold Brew",0.201970039665298,25
"996854901",3,"Caramel Frappe",0.186987354506385,23
"996888739",1,"Nice Coffee",0.265001270424655,36
"996888739",2,"Iced Mocha",0.260581705725228,34
"996888739",3,"Vanilla Cold Brew",0.223177106037326,32
"996965116",1,"Nice Coffee",0.668900621711807,27
"996965116",2,"Cold Brew",0.430104614147699,21
"996965116",3,"Macchiato",0.0515757987796494,3
"997147586",1,"Nice Coffee",0.296804983448846,33
"997147586",2,"Affogato",0.269502972317263,31
"997147586",3,"Cold Brew",0.241452955306895,30
"997453041",1,"Vanilla Cold Brew",0.277021758302246,37
"997453041",2,"Mocha",0.243587604581677,34
"997453041",3,"Irish Coffee",0.238977394023689,34
"997689346",1,"Nitro Brew",0.255852790907898,36
"997689346",2,"Cortado",0.253027583521574,36
"997689346",3,"Americano",0.182672029464499,29
"997883261",1,"Caramel Frappe",0.517012837951035,51
"997883261",2,"Espresso",0.272935166559493,35
"997883261",3,"Irish Coffee",0.21772095830338,31
"997890153",1,"Macchiato",0.366312356904591,33
"997890153",2,"Americano",0.333116875583861,32
"997890153",3,"Mocha",0.215776898795619,25
"998162850",1,"Irish Coffee",0.611655723508887,62
"998162850",2,"Americano",0.605124329094416,61
"998162850",3,"Mocha",0.0488388098204528,6
"998195059",1,"Nitro Brew",0.643804022613831,65
"998195059",2,"Cold Brew",0.56098933994298,61
"998195059",3,"Iced Mocha",0.0454921952639141,4
"998203489",1,"Nitro Brew",0.681939566724882,35
"998203489",2,"Nice Coffee",0.379236871952905,25
"998203489",3,"Flat White",0.0457289715565652,3
"998292612",1,"Nitro Brew",0.276804691882801,30
"998292612",2,"Macchiato",0.244479485654179,27
"998292612",3,"Cold Brew",0.226714391437199,28
"998413629",1,"Americano",0.718876442264279,37
"998413629",2,"Nice Coffee",0.679557051447287,36
"998413629",3,"Nitro Brew",0.0440401779960734,3
"998502178",1,"Cold Brew",0.246994143265494,34
"998502178",2,"Nitro Brew",0.240805804072221,32
"998502178",3,"Espresso",0.205957465473917,29
"998506156",1,"Caramel Frappe",0.456883710061241,35
"998506156",2,"Iced Mocha",0.431560225837648,33
"998506156",3,"Nitro Brew",0.220791936935443,23
"998588154",1,"tasty drink",0.332404371500641,21
"998588154",2,"Nitro Brew",0.255019379921388,18
"998588154",3,"Mocha",0.231465615458693,17
"998610233",1,"Flat White",0.679055806358543,56
"998610233",2,"Affogato",0.433109946957741,43
"998610233",3,"Macchiato",0.0542313030427108,6
"998680762",1,"Americano",0.299540443668012,28
"998680762",2,"Caramel Frappe",0.192026565398405,22
"998680762",3,"Iced Mocha",0.190966789564138,21
"998813650",1,"Nice Coffee",0.595446126560383,55
"998813650",2,"Americano",0.510177492550088,49
"998813650",3,"Flat White",0.0422776247191054,3
"998930456",1,"Nitro Brew",0.400071819490382,27
"998930456",2,"Iced Mocha",0.38609369532801,26
"998930456",3,"Flat White",0.220050773857394,19
"999068509",1,"Irish Coffee",0.600067369779605,35
"999068509",2,"Espresso",0.364330419638668,26
"999068509",3,"Vanilla Cold Brew",0.0473347485024006,4
"999586100",1,"Irish Coffee",0.376550677526278,50
"999586100",2,"Iced Mocha",0.341441589088911,46
"999586100",3,"Affogato",0.21176458095427,36
"999929175",1,"Affogato",0.56287327076128,61
"999929175",2,"Espresso",0.454953537345699,53
"999929175",3,"Americano",0.0518071138657127,7
