"field","value"
"Target","Any normalized ItemName equals espresso within an order"
"Predictors","Outlet, weekday and time band; pre-purchase availability assumed"
"Training period","January-February 2026"
"Test period","March 2026"
"Selection rule","Expanding-window validation log loss; lambda tuned using development data only"
"Assessment context","Retrospective holdout: March was examined in earlier project exploration"
"Classification threshold","0.5 for illustration; not a business-optimized threshold"
"Uncertainty method","Day bootstrap for selected-model test metrics, conditional on fitted models"
"Dataset source","Original public URL, licence and authenticity require verification"
"Target population","Orders placed; not all visitors or unique customers"
