"item","MainCategory","CoffeeOrNonCoffee"
"cold brew","Food","0"
"flat white","Food","0"
"cold brew","Beverage","N"
"macchiato","Beverage","Y"
"affogato","Food","0"
"vanilla cold brew","Beverage","N"
"nitro brew","Deals","0"
"caramel frappe","Beverage","N"
"cortado","Food","0"
"nitro brew","Merchandizing","0"
"macchiato","Beverage","N"
"cortado","Beverage","Y"
"tasty drink","Food","0"
"vanilla cold brew","Beverage","Y"
"nitro brew","Beverage","Y"
"irish coffee","Food","0"
"cortado","Beverage","N"
"cortado","Merchandizing","0"
"mocha","Food","0"
"mocha","Beverage","N"
"tasty drink","Deals","0"
"espresso","Beverage","N"
"nitro brew","Beverage","N"
"caramel frappe","Deals","0"
"espresso","Food","0"
"iced mocha","Merchandizing","0"
"espresso","Merchandizing","0"
"americano","Food","0"
"espresso","Beverage","Y"
"nitro brew","Food","0"
"affogato","Beverage","N"
"americano","Beverage","Y"
"americano","Beverage","N"
"macchiato","Food","0"
"flat white","Beverage","Y"
"flat white","Beverage","N"
"vanilla cold brew","Deals","0"
"mocha","Beverage","Y"
"vanilla cold brew","Food","0"
"tasty drink","Beverage","N"
"vanilla cold brew","Merchandizing","0"
"iced mocha","Beverage","Y"
"caramel frappe","Merchandizing","0"
"iced mocha","Food","0"
"irish coffee","Beverage","N"
"flat white","Deals","0"
"affogato","Deals","0"
"irish coffee","Merchandizing","0"
"nice coffee","Beverage","Y"
"cold brew","Merchandizing","0"
"iced mocha","Beverage","N"
"iced mocha","Deals","0"
"irish coffee","Deals","0"
"affogato","Beverage","Y"
"caramel frappe","Food","0"
"irish coffee","Beverage","Y"
"cold brew","Beverage","Y"
"macchiato","Merchandizing","0"
"tasty drink","Beverage","Y"
"nice coffee","Deals","0"
"caramel frappe","Beverage","Y"
"cold brew","Deals","0"
"espresso","Deals","0"
"nice coffee","Beverage","N"
"flat white","Merchandizing","0"
"tasty drink","Merchandizing","0"
"americano","Deals","0"
"macchiato","Deals","0"
"cortado","Deals","0"
"affogato","Merchandizing","0"
"mocha","Merchandizing","0"
"americano","Merchandizing","0"
"mocha","Deals","0"
