"term","log_odds","cluster_se","odds_ratio","or_lower","or_upper"
"(Intercept)",-2.18836142308818,0.0984904358869145,0.112100283144313,0.092421177742535,0.135969631506348
"outletAurora Falls",0.0115034666516225,0.177704053950305,1.01156988596391,0.714058720092866,1.433038495848
"outletBronze Bluff",-0.19721933577669,0.249740708187643,0.82101053657884,0.503232932648323,1.33945586117777
"outletCopper Creek",0.150031339435755,0.177044089283188,1.16187065452845,0.821216337609983,1.64383409831222
"outletCrystal Valley",0.189472445867943,0.184101884339108,1.20861182128089,0.842517692545032,1.73378262256711
"outletDesert Rose",-0.123847012119035,0.209661770704233,0.883514997631103,0.585800183328645,1.33253415286345
"outletDiamond District",0.0507506257431234,0.222408133438652,1.05206050376165,0.680340884513956,1.62687753855327
"outletEmerald Coast",-0.486778081702781,0.202117176238999,0.614603409553952,0.413573318697344,0.913350387846886
"outletFalcon Ridge",0.281741278396826,0.161545809291609,1.32543575675881,0.965718698393882,1.81914251864085
"outletGlacier Point",-0.333484153384031,0.249686705456747,0.716423251434149,0.439173334908463,1.16870090781458
"outletGolden Peak",-0.0387199332320478,0.21368821339673,0.962020101281184,0.632837796449214,1.46243268095213
"outletIron Isle",0.00781991556167503,0.205480211335801,1.00785057095681,0.673738046815386,1.50765238534361
"outletIvory Tower",-0.707598713733037,0.344722594388264,0.492826194509233,0.25076410978574,0.96855031687738
"outletJade Junction",-0.35664794437138,0.232898336429006,0.700018899952291,0.44347214082638,1.10497687493353
"outletLocation 29",-0.0660524937763367,0.24526518455431,0.936081724537184,0.578820178512322,1.51385357239037
"outletLocation 30",-0.331109294853349,0.246825953911304,0.7181266772014,0.442692768233519,1.16492963408043
"outletLocation 31",-0.0840420664292516,0.228468417611981,0.919392579718733,0.587527669792581,1.43871133071959
"outletLocation 32",0.238916884401035,0.202831778177125,1.26987298594361,0.853315357569851,1.88977894997903
"outletLocation 33",0.154368666718532,0.217616112423881,1.1669210124275,0.761739171822364,1.78762586934727
"outletLocation 35",0.030618541558889,0.285507171255466,1.03109211007065,0.589214354833209,1.80435342542001
"outletLocation 36",0.107772333299425,0.184430910082266,1.11379414268153,0.775920193048212,1.59879508664187
"outletLocation 37",0.295786553936563,0.179582194900585,1.344183215594,0.945361315297433,1.91125709064597
"outletLocation 38",-0.132042265511542,0.211437442707098,0.876303956861656,0.579000441897853,1.32626604272414
"outletLocation 39",-0.0246873691852463,0.254436657352918,0.975614871628168,0.59251798385018,1.60640588755989
"outletLocation 40",0.180024451936203,0.150100130776893,1.1972466377623,0.892109497883437,1.60675288743583
"outletLocation 41",0.141360700722071,0.163234546147188,1.15184004259875,0.836462883474915,1.58612594765978
"outletLocation 42",-0.352261884631093,0.325221018653064,0.703095967835664,0.371694362644442,1.32997427367402
"outletLocation 43",0.082606007247475,0.246839319650463,1.08611380327138,0.669522726305531,1.76191658222861
"outletLocation 44",-0.496342071101014,0.262356692169839,0.608753368517902,0.364018081234857,1.01802817713003
"outletLocation 45",0.0613764434994495,0.18831801169895,1.06329911089501,0.735121066453194,1.53798476308815
"outletLocation 46",0.138144559248464,0.215159822730382,1.1481415127524,0.75309722381623,1.75041002890091
"outletLocation 47",-0.720197862554099,0.235669615918347,0.486655955442841,0.306633571637412,0.772368197335014
"outletLocation 48",0.208726579324091,0.132663873297253,1.23210806864963,0.950003287005155,1.59798425289374
"outletLocation 49",-0.0357570970020923,0.229122908708561,0.964874635962406,0.615802030534759,1.51182200928296
"outletLocation 50",-0.256840350535679,0.223108029372553,0.77349169144281,0.499511802388341,1.19774826915085
"outletLocation 51",-0.243713221990307,0.215145728103207,0.783712353507965,0.514072434399096,1.19478309269576
"outletLocation 52",0.0549048877840418,0.200545647916263,1.05644012953514,0.713083068753793,1.56512725683236
"outletLocation 53",-0.557693301275719,0.243432797011196,0.572528191898279,0.355292879817293,0.92258682663969
"outletLocation 55",0.550212016263642,0.19884269114321,1.73362053465458,1.17408310057226,2.55981894016799
"outletLocation 56",-0.61337462318569,0.340648924874866,0.541520355018513,0.277749889774845,1.05578545913049
"outletLocation 57",0.23341643283566,0.186911098346551,1.26290728590034,0.875532866030485,1.82167326283402
"outletLocation 58",0.473138667008793,0.255633130485239,1.60502393141345,0.97249235763103,2.64896870417081
"outletLocation 59",-0.354931086839517,0.278667159788606,0.701221764951573,0.40611915236747,1.21075787924644
"outletLocation 60",-0.564251104072793,0.227768819191756,0.568785948777432,0.363975112298278,0.88884499130677
"outletLocation 62",-0.313422291225874,0.221682880141906,0.73094117733956,0.473353528418068,1.12870185317108
"outletLocation 63",0.149532238972873,0.223392534820191,1.16129090903462,0.749529888969329,1.79925656768792
"outletLocation 64",0.0751200459634551,0.218170436286896,1.07801355429304,0.702938304278804,1.6532222190279
"outletLocation 65",0.175761807835722,0.22789478279227,1.19215406307282,0.762689895138718,1.86344583710858
"outletLocation 66",-0.260391111372755,0.273272739102587,0.77075007772484,0.451131757022845,1.31681193590361
"outletLocation 67",0.379222317150385,0.173827193345303,1.46114783786116,1.03927907811184,2.05426343034359
"outletLocation 68",-0.0799681462682966,0.236374402288442,0.923145751555394,0.580855384157006,1.467143288775
"outletLocation 69",-0.35315541397946,0.286761139194415,0.702468011544152,0.400437764535789,1.23230461995722
"outletLocation 70",0.104880678712181,0.210613968040699,1.11057808684188,0.734977705201413,1.67812394613435
"outletLocation 71",0.054537368671904,0.1947374048888,1.05605193893481,0.72098212687974,1.5468423642546
"outletLocation 72",0.180286082193733,0.224471054308955,1.19755991468804,0.771306769127133,1.85937658876068
"outletLocation 73",0.0642767006888063,0.171617719840698,1.0663874280781,0.76178733566004,1.49278163803777
"outletLocation 74",0.252663055127848,0.237051396089609,1.28744940426824,0.80900583956989,2.04884302124677
"outletLocation 75",-12.2463340010519,1.00426471786854,0.00000480269182169272,0.000000670892662647731,0.0000343808332067948
"outletLocation 76",0.0156123292833226,0.229366311748215,1.01573483841679,0.647952828366723,1.59227217909397
"outletLocation 77",-0.0375506372299531,0.215623033585949,0.963145645458459,0.63118011256141,1.46970653210392
"outletLocation 78",0.322806938564891,0.218433114232836,1.38099870757482,0.900041776535461,2.11896545254217
"outletLocation 80",-0.50704052291303,0.298942553152475,0.602275364036362,0.335223716183935,1.08207026118075
"outletLocation 81",0.381975070142483,0.194354126348584,1.46517555805975,1.00104853157779,2.14449084956167
"outletLocation 83",0.0206734018952862,0.257708111700005,1.02088857691004,0.616051191658032,1.69176441922044
"outletLocation 85",-0.232437026653529,0.265675800305442,0.792599660428257,0.470879984781594,1.33412810485536
"outletLocation 86",0.239796073855069,0.252979440470761,1.27098993581414,0.774115247191264,2.0867893027583
"outletLocation 87",0.666842288405073,0.198123085387021,1.94807613553165,1.32118383126134,2.87242436671726
"outletMarble Harbor",0.25902865703889,0.201254763316193,1.29567093438839,0.873346031794607,1.9222199553243
"outletMidnight Bay",0.2070183157594,0.183351625341265,1.23000510005191,0.858692610821548,1.76187907883154
"outletOpal Oasis",0.322280754812528,0.216934740804426,1.38027223963743,0.902214011137809,2.1116402893268
"outletPearl Port",0.386685534920841,0.208979831587454,1.4720934964812,0.977352974175663,2.21727392215697
"outletPine Shadows",0.56554040149634,0.147884522338501,1.76039884789171,1.31744211349502,2.35228862954528
"outletQuartz Quarry",0.116340807737864,0.207762794863152,1.12337866304141,0.747615263067267,1.68800676353121
"outletRuby Ridge",-0.237709294546753,0.193092922174687,0.788431859222934,0.540011702869155,1.15113208349922
"outletSapphire Springs",0.30985550257462,0.133363513040502,1.36322811694662,1.04966159333838,1.77046670148552
"outletShadow Ridge",0.351558618647626,0.170048350029201,1.42128105829738,1.01843789404392,1.98346885803113
"outletSilver Grove",0.32421686462306,0.168374957242356,1.38294718692205,0.994224753751756,1.92365248863351
"outletSunset Valley",-0.0903934490627585,0.204396056417566,0.913571670632944,0.612012630737261,1.36371890948991
"outletTopaz Town",0.296650007434356,0.19365248694148,1.34534435651663,0.920441445011126,1.96639498082278
"outletWillow Creek",0.49671694181506,0.142397659110729,1.64331729846918,1.24311789910272,2.17235368052963
"weekdayMonday",-0.226384832796424,0.0950677102834012,0.797411172639818,0.661851465190445,0.960736074019028
"weekdaySaturday",0.0213955749844586,0.124277021124009,1.02162610144546,0.80076888188227,1.30339716586053
"weekdaySunday",0.0260066595104131,0.13274880298704,1.02634778342443,0.791222379676445,1.33134476425075
"weekdayThursday",-0.192416669157796,0.0976273264972545,0.824963060205993,0.681293069990063,0.998929947598562
"weekdayTuesday",0.0246396181688154,0.120443839432463,1.02494568215719,0.809429201462481,1.29784501161385
"weekdayWednesday",-0.239720033735608,0.137323703617319,0.786848121161542,0.601174794649715,1.02986680626921
"time_bandEvening",-0.0578877530736604,0.100612570647902,0.94375587518786,0.774850812673375,1.14947953513608
"time_bandMorning",-0.0844860808618619,0.0944876929356609,0.91898444675927,0.763624917539324,1.10595188028546
"time_bandNight",-0.0115289883583361,0.148213329211579,0.988537215761524,0.739321965503943,1.32175949388905
