"group","n","espresso_n","rate","lower","upper"
"Amber Heights",241,22,0.0912863070539419,0.0610570721867713,0.134340631499229
"Aurora Falls",129,12,0.0930232558139535,0.0540152667451354,0.155568842522091
"Bronze Bluff",226,17,0.0752212389380531,0.0474919766586245,0.117149594165268
"Copper Creek",211,22,0.104265402843602,0.0698684735693954,0.152814145899421
"Crystal Valley",139,15,0.107913669064748,0.0664951944742684,0.170421027889258
"Desert Rose",185,15,0.0810810810810811,0.0497498706502649,0.129455792301252
"Diamond District",167,16,0.0958083832335329,0.0598357589421588,0.149957923856531
"Emerald Coast",327,19,0.0581039755351682,0.0375097873579436,0.0889600298464682
"Falcon Ridge",322,38,0.118012422360248,0.0871975303076835,0.15783408448333
"Glacier Point",178,12,0.0674157303370786,0.0389818996421594,0.114126522393474
"Golden Peak",215,19,0.0883720930232558,0.0573044239126221,0.133890878139246
"Iron Isle",154,14,0.0909090909090909,0.05492529344926,0.146805348541737
"Ivory Tower",106,5,0.0471698113207547,0.0203140729623039,0.105698991406124
"Jade Junction",195,13,0.0666666666666667,0.039370851468038,0.110705792495854
"Location 29",210,18,0.0857142857142857,0.054904972243343,0.131408098385777
"Location 30",162,11,0.0679012345679012,0.0383347911078435,0.117485466410716
"Location 31",199,17,0.085427135678392,0.0540193478612809,0.132537478542462
"Location 32",142,16,0.112676056338028,0.0705564891473314,0.175199821235985
"Location 33",133,14,0.105263157894737,0.0637446822797124,0.168944000631923
"Location 35",150,14,0.0933333333333333,0.0564118674770865,0.150563931275616
"Location 36",207,21,0.101449275362319,0.0673152766677105,0.150106188148083
"Location 37",176,21,0.119318181818182,0.0793800585193726,0.175519224000344
"Location 38",149,12,0.0805369127516778,0.0466688475323535,0.13549022786195
"Location 39",237,21,0.0886075949367089,0.058684682564822,0.131654053320443
"Location 40",375,40,0.106666666666667,0.0793159869148989,0.141994159766741
"Location 41",163,17,0.104294478527607,0.0661412645274168,0.160669619818558
"Location 42",46,3,0.0652173913043478,0.0224278614292886,0.175027410819042
"Location 43",204,20,0.0980392156862745,0.0643641498811538,0.146572874278768
"Location 44",138,8,0.0579710144927536,0.0296644274330111,0.110220335355394
"Location 45",206,20,0.0970873786407767,0.0637303038389552,0.145196278482205
"Location 46",108,11,0.101851851851852,0.0578293175933608,0.173225061464083
"Location 47",129,6,0.0465116279069767,0.0214885860000607,0.0977622786119917
"Location 48",319,35,0.109717868338558,0.079954688672043,0.148768905535557
"Location 49",158,14,0.0886075949367089,0.0535150804287589,0.143229678625666
"Location 50",139,10,0.0719424460431655,0.0395442385453223,0.12736429779651
"Location 51",260,19,0.0730769230769231,0.0472792979445415,0.111306312549408
"Location 52",325,31,0.0953846153846154,0.0680126348283837,0.132209864660634
"Location 53",184,10,0.0543478260869565,0.0297852569605496,0.0971380483117557
"Location 55",208,31,0.149038461538462,0.107025806164538,0.203779544153708
"Location 56",78,4,0.0512820512820513,0.0201210124738962,0.124566765472945
"Location 57",169,19,0.112426035502959,0.0731652979148827,0.16891469322949
"Location 58",95,13,0.136842105263158,0.0817479355963248,0.220164431711292
"Location 59",152,10,0.0657894736842105,0.0361248073213665,0.116860534327195
"Location 60",147,8,0.054421768707483,0.0278312584080525,0.103707238871265
"Location 62",220,15,0.0681818181818182,0.0417510573790233,0.109433888425867
"Location 63",173,18,0.104046242774566,0.0668328170176708,0.158461970111917
"Location 64",152,15,0.0986842105263158,0.0607189622253734,0.156434156571024
"Location 65",113,12,0.106194690265487,0.0617984851717177,0.176485588835094
"Location 66",68,5,0.0735294117647059,0.031814844251118,0.160851883957177
"Location 67",174,22,0.126436781609195,0.0849994170787551,0.184012427166908
"Location 68",165,14,0.0848484848484849,0.0512140105761408,0.137373905230184
"Location 69",61,4,0.0655737704918033,0.0257937044895666,0.156828016798958
"Location 70",179,18,0.100558659217877,0.0645583561314179,0.1533433116723
"Location 71",198,19,0.095959595959596,0.0622948885543644,0.145003746053028
"Location 72",140,15,0.107142857142857,0.0660121170081319,0.169257040424978
"Location 73",177,17,0.096045197740113,0.0608324030686801,0.148419717918766
"Location 74",104,12,0.115384615384615,0.0672497762981357,0.190920496296058
"Location 75",27,0,0,0,0.124555029741867
"Location 76",130,12,0.0923076923076923,0.0535934249259426,0.154424771124901
"Location 77",102,9,0.0882352941176471,0.0471155597575731,0.159244585539514
"Location 78",105,13,0.123809523809524,0.0738016422092698,0.200371996623108
"Location 80",71,4,0.0563380281690141,0.0221245193016967,0.136096057999769
"Location 81",84,11,0.130952380952381,0.0747222131694305,0.219460729231866
"Location 83",75,7,0.0933333333333333,0.0459485233906004,0.180346868495415
"Location 85",67,5,0.0746268656716418,0.0322960491663227,0.16309036792777
"Location 86",88,10,0.113636363636364,0.0629080037510136,0.196685638671858
"Location 87",74,12,0.162162162162162,0.0952706357997196,0.262398134062703
"Marble Harbor",107,12,0.11214953271028,0.0653288188154775,0.185853898526169
"Midnight Bay",276,30,0.108695652173913,0.0772057804550296,0.150928603527009
"Opal Oasis",173,21,0.121387283236994,0.080781311195879,0.178442171387888
"Pearl Port",170,22,0.129411764705882,0.0870374097396174,0.188164254726621
"Pine Shadows",191,29,0.151832460732984,0.107843052098863,0.209550685327444
"Quartz Quarry",149,15,0.100671140939597,0.0619610095958872,0.159454430179489
"Ruby Ridge",204,15,0.0735294117647059,0.0450631163333026,0.117760311738809
"Sapphire Springs",380,46,0.121052631578947,0.0919936927037422,0.157696528657846
"Shadow Ridge",224,28,0.125,0.0879167969353636,0.17472837366016
"Silver Grove",188,23,0.122340425531915,0.082921409329129,0.176884052571986
"Sunset Valley",275,23,0.0836363636363636,0.0563761678683765,0.12236862507414
"Topaz Town",159,19,0.119496855345912,0.0778501996506691,0.179095784030096
"Willow Creek",328,46,0.140243902439024,0.106816631456081,0.182000381226113
