"variable","working_description","role_and_caution"
"Outlet","Outlet label","Categorical predictor; availability assumed before choice"
"OrderNo","Order identifier","Grouping key; verify uniqueness and metadata consistency"
"OrderDate","Order date YYYY-MM-DD","Chronological split and derived weekday"
"OrderTime","Local order clock, e.g. 14H 57M 21S","Derived time band; confirm timestamp semantics"
"ItemName","Recorded product name","Target construction only; never predictor"
"Qty1","Recorded item quantity","Descriptive audit only; not a pre-purchase feature"
"AdjustedRate","Recorded adjusted rate","Descriptive audit; verify price/currency definition"
"Discount","Recorded discount amount","Post-purchase descriptor; no causal offer indicator"
"ServiceCharge","Recorded service charge","Post-purchase descriptor"
"OrderType","Dine-In or Takeaway","Not used: chosen scope is outlet/time only"
"CustomerLoyaltyNumber","Loyalty identifier where available","Audit only; excluded from exports and model"
"PaymentMethod","Recorded payment method","Post-purchase; excluded"
"CustomerType","Recorded customer category","Not used; validate source definition"
"OutletType","Outlet category","Not used; potentially redundant with outlet"
"TimeRange","Existing hourly label","Not used; recompute time features from OrderTime"
"Day","Existing weekday label","Not used; recompute weekday from OrderDate"
"Month","Existing month label","Not used; split by parsed OrderDate"
"TimeOfTheDay","Existing time-band label","Not used; derive documented bands from clock"
"MainCategory","Recorded main product category","Inconsistent for same ItemName; quality audit only"
"SubCategory","Recorded subcategory","Not used; validate coding"
"CoffeeOrNonCoffee","Recorded Y/N/0 flag","Inconsistent; not the outcome or a predictor"
"SubMenu","Recorded submenu","Not used; missingness audit"
"Name","Customer name when available","Direct identifier; excluded"
"AddressLine1","Address field","Entirely missing in supplied extract; excluded"
"DOB","Date-of-birth field in irregular format","Excluded; do not silently parse"
"Contact No","Contact-number field","Entirely missing in supplied extract; excluded"
"Age","Recorded age","Descriptive audit only; excluded from model"
"Registered Outlet","Registration-outlet field","Entirely missing in supplied extract; excluded"
