"date","orders","espresso_orders","rate"
2026-01-01,233,20,0.0858369098712446
2026-01-02,282,36,0.127659574468085
2026-01-03,247,30,0.121457489878543
2026-01-04,306,28,0.0915032679738562
2026-01-05,211,19,0.0900473933649289
2026-01-06,202,17,0.0841584158415842
2026-01-07,219,13,0.0593607305936073
2026-01-08,171,16,0.0935672514619883
2026-01-09,255,33,0.129411764705882
2026-01-10,292,18,0.0616438356164384
2026-01-11,265,32,0.120754716981132
2026-01-12,218,18,0.0825688073394495
2026-01-13,235,26,0.11063829787234
2026-01-14,180,17,0.0944444444444444
2026-01-15,197,16,0.0812182741116751
2026-01-16,282,32,0.113475177304965
2026-01-17,322,40,0.124223602484472
2026-01-18,229,17,0.074235807860262
2026-01-19,198,13,0.0656565656565657
2026-01-20,205,20,0.0975609756097561
2026-01-21,232,24,0.103448275862069
2026-01-22,171,17,0.0994152046783626
2026-01-23,287,28,0.0975609756097561
2026-01-24,318,29,0.0911949685534591
2026-01-25,225,19,0.0844444444444444
2026-01-26,201,14,0.0696517412935323
2026-01-27,191,19,0.0994764397905759
2026-01-28,232,21,0.0905172413793103
2026-01-29,196,17,0.086734693877551
2026-01-30,272,25,0.0919117647058824
2026-01-31,296,29,0.097972972972973
2026-02-01,304,43,0.141447368421053
2026-02-02,191,19,0.0994764397905759
2026-02-03,215,18,0.0837209302325581
2026-02-04,160,17,0.10625
2026-02-05,227,17,0.0748898678414097
2026-02-06,193,19,0.0984455958549223
2026-02-07,238,39,0.163865546218487
2026-02-08,314,24,0.0764331210191083
2026-02-09,209,21,0.100478468899522
2026-02-10,190,18,0.0947368421052632
2026-02-11,195,12,0.0615384615384615
2026-02-12,163,14,0.0858895705521472
2026-02-13,285,24,0.0842105263157895
2026-02-14,263,23,0.0874524714828897
2026-02-15,319,36,0.112852664576803
2026-02-16,231,19,0.0822510822510823
2026-02-17,211,31,0.146919431279621
2026-02-18,238,22,0.092436974789916
2026-02-19,210,18,0.0857142857142857
2026-02-20,224,16,0.0714285714285714
2026-02-21,253,27,0.106719367588933
2026-02-22,259,35,0.135135135135135
2026-02-23,223,18,0.0807174887892377
2026-02-24,163,22,0.134969325153374
2026-02-25,220,13,0.0590909090909091
2026-02-26,214,19,0.088785046728972
2026-02-27,208,22,0.105769230769231
2026-02-28,244,22,0.0901639344262295
2026-03-01,272,25,0.0919117647058824
2026-03-02,214,21,0.0981308411214953
2026-03-03,239,24,0.100418410041841
2026-03-04,221,24,0.108597285067873
2026-03-05,205,20,0.0975609756097561
2026-03-06,274,22,0.0802919708029197
2026-03-07,236,22,0.0932203389830508
2026-03-08,245,25,0.102040816326531
2026-03-09,226,27,0.119469026548673
2026-03-10,215,18,0.0837209302325581
2026-03-11,179,20,0.111731843575419
2026-03-12,163,11,0.0674846625766871
2026-03-13,205,16,0.0780487804878049
2026-03-14,239,32,0.133891213389121
2026-03-15,268,30,0.111940298507463
2026-03-16,176,15,0.0852272727272727
2026-03-17,218,12,0.055045871559633
2026-03-18,161,14,0.0869565217391304
2026-03-19,190,15,0.0789473684210526
2026-03-20,241,24,0.0995850622406639
2026-03-21,216,30,0.138888888888889
2026-03-22,279,27,0.0967741935483871
2026-03-23,173,17,0.0982658959537572
2026-03-24,189,23,0.121693121693122
2026-03-25,212,16,0.0754716981132075
2026-03-26,222,18,0.0810810810810811
2026-03-27,246,23,0.0934959349593496
2026-03-28,241,20,0.0829875518672199
2026-03-29,226,24,0.106194690265487
2026-03-30,167,10,0.0598802395209581
2026-03-31,184,21,0.114130434782609
